학교명,학교급구분,소재지도로명주소,위도,경도,Region_Name
서울영림초등학교,초등학교,서울특별시 영등포구 시흥대로173길 14 . 서울영림초등학교 (대림동),37.4872977,126.9025393,영등포구
서울평화초등학교,초등학교,서울특별시 송파구 송파대로26길 22 . 서울평화초등학교 (가락동),37.49162927,127.1223566,송파구
서울양동초등학교,초등학교,서울특별시 양천구 오목로23길 24 (신정동),37.52600601,126.8511587,양천구
서울중화초등학교,초등학교,서울특별시 중랑구 신내로7가길 22 . 서울중화초등학교 (신내동),37.60300324,127.0946485,중랑구
서울상월초등학교,초등학교,서울특별시 노원구 동일로221길 27 (상계동),37.65848709,127.0571716,노원구
서울중목초등학교,초등학교,서울특별시 중랑구 동일로 665 . 서울중목초등학교 (면목동),37.58997982,127.0793361,중랑구
서울동작초등학교,초등학교,서울특별시 동작구 동작대로29길 214 . 서울동작초등학교 (사당동),37.49410161,126.9768411,동작구
서울갈산초등학교,초등학교,서울특별시 양천구 목동로 31 (신정동.서울갈산초등학교),37.51174342,126.8699978,양천구
서울태랑초등학교,초등학교,서울특별시 노원구 화랑로51나길 31 . 서울태랑초등학교 (공릉동),37.62637772,127.0907213,노원구
서울한천초등학교,초등학교,서울특별시 노원구 마들로 45 . 서울한천초등학교 (월계동),37.62015506,127.0688927,노원구
서울신구초등학교,초등학교,서울특별시 강남구 압구정로18길 28 (신사동.신구초등학교),37.52318884,127.0242775,강남구
서울봉화초등학교,초등학교,서울특별시 중랑구 신내로15길 110 (신내동.봉화초등학교),37.61331383,127.0921725,중랑구
서울양원초등학교,초등학교,서울특별시 양천구 화곡로 16 (신월동.서울양원초등학교),37.53865393,126.8234816,양천구
서울상봉초등학교,초등학교,서울특별시 중랑구 동일로126가길 11 . 서울상봉초등학교 (상봉동),37.59809416,127.0836798,중랑구
서울원광초등학교,초등학교,서울특별시 노원구 덕릉로76길 18 (중계동.원광초등학교),37.6540189,127.0748416,노원구
서울월계초등학교,초등학교,서울특별시 노원구 월계로45가길 10 (월계동.월계초등학교),37.62762424,127.0508421,노원구
서울송례초등학교,초등학교,서울특별시 송파구 위례순환로 439 (장지동. 서울송례초등학교),37.47773418,127.1385039,송파구
서울강남초등학교,초등학교,서울특별시 동작구 강남초등길 15 (상도1동. 강남초등학교),37.50619275,126.9532007,동작구
서울원촌초등학교,초등학교,서울특별시 서초구 사평대로45길 26 (반포동.서울원촌초등학교),37.50603606,127.0127721,서초구
서울가원초등학교,초등학교,서울특별시 송파구 중대로4길 8 (문정동. 가원초등학교),37.4891201,127.1114055,송파구
서울면동초등학교,초등학교,서울특별시 중랑구 면목로57길 32 . 서울면동초등학교 (면목동. 면동초등학교),37.58526987,127.0866805,중랑구
상명대학교사범대학부속초등학교,초등학교,서울특별시 종로구 홍지문2길 1 (홍지동. 상명초등학교),37.60075792,126.9563523,종로구
서울신곡초등학교,초등학교,서울특별시 강서구 등촌로13자길 42-14 (화곡동.신곡초등학교),37.53877767,126.8558353,강서구
서울불광초등학교,초등학교,서울특별시 은평구 불광로 51 . 서울불광초등학교 (불광동),37.61258244,126.9309092,은평구
서울신내초등학교,초등학교,서울특별시 중랑구 용마산로125나길 22 (신내동.신내초등학교),37.60437742,127.0999812,중랑구
서울중곡초등학교,초등학교,서울특별시 중랑구 면목로23길 20 (면목동.중곡초등학교),37.57436078,127.0835305,중랑구
서울전농초등학교,초등학교,서울특별시 동대문구 사가정로 66 . 서울전농초등학교 (전농동),37.5744176,127.0544089,동대문구
서울잠실초등학교,초등학교,서울특별시 송파구 올림픽로35길 20 (신천동.잠실초등학교),37.52010753,127.11127,송파구
서울논현초등학교,초등학교,서울특별시 강남구 강남대로120길 33 (논현동.논현초등학교),37.5084232,127.0261867,강남구
서울구룡초등학교,초등학교,서울특별시 강남구 개포로 263 (개포동.구룡초등학교),37.48080548,127.051891,강남구
서울독립문초등학교,초등학교,서울특별시 종로구 통일로12길 23 (무악동. 독립문초등학교),37.57413657,126.9602466,종로구
서울한남초등학교,초등학교,서울특별시 용산구 한남대로 112 . 서울한남초등학교 (한남동),37.5393989,127.0049096,용산구
서울공진초등학교,초등학교,서울특별시 강서구 마곡서로 33(마곡동) 서울공진초등학교,37.55780477,126.82273,강서구
서울신성초등학교,초등학교,서울특별시 관악구 신림로 114 . 서울신성초등학교 (신림동),37.47179668,126.9372757,관악구
서울영화초등학교,초등학교,서울특별시 동작구 등용로8길 3 . 서울영화초등학교 (대방동),37.50914588,126.9331672,동작구
서울자곡초등학교,초등학교,서울특별시 강남구 자곡로 150 (자곡동),37.47206129,127.0996665,강남구
서울명신초등학교,초등학교,서울특별시 종로구 낙산길 250 (창신동),37.58146865,127.0139642,종로구
서울서원초등학교,초등학교,서울특별시 서초구 고무래로 63 . 서울서원초등학교 (반포동),37.50261842,127.0152191,서초구
서울위례솔초등학교,초등학교,서울특별시 송파구 위례북로2길 12 (거여동. 서울위례솔초등학교),37.48663746,127.1509109,송파구
서울마천초등학교,초등학교,서울특별시 송파구 마천로61다길 24 . 서울마천초등학교 (마천동),37.49535028,127.1522973,송파구
서울잠일초등학교,초등학교,서울특별시 송파구 올림픽로 95 서울잠일초등학교 (잠실동),37.51505804,127.0814177,송파구
서울가주초등학교,초등학교,서울특별시 송파구 오금로40길 37 (가락동. 가주초등학교),37.49662263,127.1292617,송파구
서울원묵초등학교,초등학교,서울특별시 중랑구 숙선옹주로 109 . 서울원묵초등학교 (묵동),37.61768065,127.0861068,중랑구
서울장평초등학교,초등학교,서울특별시 동대문구 답십리로69길 27 (장안동. 서울장평초등학교),37.57380744,127.0733241,동대문구
서울안천초등학교,초등학교,서울특별시 금천구 한내로 69-16 . 서울안천초등학교 (독산동),37.45817893,126.8885094,금천구
서울대진초등학교,초등학교,서울특별시 강남구 개포로109길 74 . 서울대진초등학교 (개포동),37.49668479,127.0780425,강남구
서울오륜초등학교,초등학교,서울특별시 송파구 양재대로 1196 . 서울오륜초등학교 (방이동),37.51208485,127.1345763,송파구
서울개명초등학교,초등학교,서울특별시 구로구 개봉로1다길 16-9 (개봉동.개명초등학교),37.48312265,126.8507003,구로구
서울신강초등학교,초등학교,서울특별시 양천구 중앙로55길 72 . 서울신강초등학교 (신월동.서울신강초등학교),37.5259562,126.8416536,양천구
서울가산초등학교,초등학교,서울특별시 금천구 남부순환로 1304-11 . 서울가산초등학교 (독산동),37.47794535,126.896405,금천구
서울정곡초등학교,초등학교,서울특별시 강서구 방화대로50길 22 (방화동.정곡초등학교),37.57695491,126.8188827,강서구
서울대곡초등학교,초등학교,서울특별시 강남구 남부순환로 3022 서울대곡초등학교 (대치동.대곡초등학교),37.49439753,127.0651645,강남구
서울오금초등학교,초등학교,서울특별시 송파구 위례성대로22길 11 (오금동.오금초등학교),37.50915569,127.1317971,송파구
서울신길초등학교,초등학교,서울특별시 동작구 알마타길 16 (대방동),37.51038715,126.9266448,동작구
서울미래초등학교,초등학교,서울특별시 구로구 새말로 73 . 서울미래초등학교 (구로동),37.50520381,126.8880137,구로구
서울월촌초등학교,초등학교,서울특별시 양천구 목동중앙로 132 (목동.서울월촌초등학교),37.54023674,126.8767678,양천구
서울은정초등학교,초등학교,서울특별시 양천구 목동남로 85 서울은정초등학교,37.51125774,126.8673755,양천구
서울영도초등학교,초등학교,서울특별시 양천구 목동중앙로 70 . 서울영도초등학교 (목동.서울영도초등학교),37.53596257,126.871927,양천구
서울가동초등학교,초등학교,서울특별시 송파구 중대로20길 47 (가락동),37.49713482,127.1303876,송파구
서울신방학초등학교,초등학교,서울특별시 도봉구 시루봉로 173 . 서울신방학초등학교 (방학동),37.66559481,127.0295856,도봉구
서울신상계초등학교,초등학교,서울특별시 노원구 상계로 267 . 신상계초등학교 (상계동),37.66814915,127.0755891,노원구
서울우장초등학교,초등학교,서울특별시 강서구 화곡로 263 (화곡동.서울우장초등학교),37.54880324,126.8462805,강서구
서울교육대학교부설초등학교,초등학교,서울특별시 서초구 서초중앙로 96 (서초동. 서울교대초등학교),37.49087951,127.0150822,서초구
서울잠전초등학교,초등학교,서울특별시 송파구 올림픽로12길 51 .  (잠실동. 서울잠전초등학교),37.50678211,127.0842067,송파구
서울개웅초등학교,초등학교,서울특별시 구로구 개봉로11길 98 (개봉동.개웅초등학교),37.48839858,126.850121,구로구
서울연촌초등학교,초등학교,서울특별시 노원구 공릉로58길 36 . 서울연촌초등학교 (하계동),37.63498895,127.0727394,노원구
서울염경초등학교,초등학교,서울특별시 강서구 양천로69길 49 (염창동.서울염경초등학교),37.55512713,126.8711608,강서구
동광초등학교,초등학교,서울특별시 금천구 탑골로10길 45 (시흥동),37.45199688,126.9166976,금천구
서울대학교사범대학부설초등학교,초등학교,서울특별시 종로구 대학로 64 (동숭동.서울사대부설초등학교),37.57778205,127.0029147,종로구
이화여자대학교사범대학부속초등학교,초등학교,서울특별시 서대문구 성산로 512-39 (대신동),37.56099648,126.9427504,서대문구
서울개봉초등학교,초등학교,서울특별시 구로구 개봉로16길 30-11 (개봉동),37.48972738,126.858306,구로구
서울염리초등학교,초등학교,서울특별시 마포구 토정로37길 37 . 서울염리초등학교 (염리동),37.54244648,126.945885,마포구
서울중계초등학교,초등학교,서울특별시 노원구 한글비석로19길 39 . 서울중계초등학교 (중계동),37.65751566,127.0732694,노원구
서울윤중초등학교,초등학교,서울특별시 영등포구 여의나루로2길 14 (여의도동),37.51991462,126.9230217,영등포구
서울중현초등학교,초등학교,서울특별시 노원구 섬밭로 181 . 서울중현초등학교 (하계동.중현초등학교),37.6321062,127.0665372,노원구
서울금천초등학교,초등학교,서울특별시 금천구 탑골로5길 60 (시흥동),37.45464753,126.9125446,금천구
서울방현초등학교,초등학교,서울특별시 서초구 효령로4길 58 (방배동.방현초등학교),37.47648995,126.99015,서초구
서울강서초등학교,초등학교,서울특별시 양천구 오목로 31 (신월동. 서울강서초등학교),37.522293,126.8405408,양천구
서울용동초등학교,초등학교,서울특별시 노원구 한글비석로1길 81-11 (중계동.용동초등학교),37.64148227,127.0693935,노원구
서울중평초등학교,초등학교,서울특별시 노원구 섬밭로 241 . 서울중평초등학교 (하계동),37.63730543,127.0641719,노원구
서울자운초등학교,초등학교,서울특별시 도봉구 마들로13길 166 . 서울자운초등학교 (창동),37.65756505,127.0465597,도봉구
서울신당초등학교,초등학교,서울특별시 중구 난계로 141 (신당동),37.56385487,127.0237242,중구
서울면중초등학교,초등학교,서울특별시 중랑구 용마산로70길 43 . 서울면중초등학교 (면목동),37.58216276,127.0967221,중랑구
서울봉천초등학교,초등학교,서울특별시 관악구 행운1라길 17 . 서울봉천초등학교 (봉천동.봉천초등학교),37.48309001,126.9583231,관악구
서울옥수초등학교,초등학교,서울특별시 성동구 금호로1길 25 . 옥수초등학교 (금호동4가),37.5461524,127.0220121,성동구
서울거여초등학교,초등학교,서울특별시 송파구 마천로25길 18 (오금동. 거여초등학교),37.50508433,127.1409011,송파구
서울남천초등학교,초등학교,서울특별시 송파구 성내천로 207 (마천동),37.50126873,127.1507951,송파구
서울보라매초등학교,초등학교,서울특별시 동작구 여의대방로16길 30 . 서울보라매초등학교 (신대방동),37.49567494,126.916097,동작구
서울아주초등학교,초등학교,서울특별시 송파구 올림픽로4길 59 . 서울아주초등학교 (잠실동),37.50558066,127.075764,송파구
서울삼광초등학교,초등학교,서울특별시 용산구 두텁바위로1나길 19 . 서울삼광초등학교 (후암동),37.54732018,126.9767347,용산구
서울구로남초등학교,초등학교,서울특별시 구로구 디지털로27길 76 (구로동.구로남초등학교),37.48548314,126.890983,구로구
서울영풍초등학교,초등학교,서울특별시 송파구 오금로57길 15 . 서울영풍초등학교 (거여동),37.49600417,127.1429536,송파구
서울문성초등학교,초등학교,서울특별시 금천구 시흥대로 460 . 서울문성초등학교  (독산동),37.47454373,126.8993703,금천구
서울구암초등학교,초등학교,서울특별시 관악구 구암길 1 . 서울구암초등학교 (봉천동),37.48939905,126.9469801,관악구
서울도봉초등학교,초등학교,서울특별시 도봉구 도봉로173길 96 (도봉동),37.67955707,127.0383341,도봉구
서울동일초등학교,초등학교,서울특별시 노원구 한글비석로 566. 서울동일초등학교 (상계동),37.66499735,127.0545861,노원구
서울온곡초등학교,초등학교,서울특별시 노원구 한글비석로52길 59 (상계동.온곡초등학교),37.66739926,127.0659829,노원구
서울신용산초등학교,초등학교,서울특별시 용산구 이촌로 255 . 301-75번지 (이촌동),37.52001219,126.9758975,용산구
서울장수초등학교,초등학교,서울특별시 양천구 신정로13가길 30 (신정동),37.512868,126.8454266,양천구
서울신서초등학교,초등학교,서울특별시 양천구 목동서로10길 35 (신정동 312-1번지),37.52024636,126.8624156,양천구
서울광희초등학교,초등학교,서울특별시 중구 다산로 269 (신당동.광희초등학교),37.56735918,127.0151801,중구
서울신천초등학교,초등학교,서울특별시 송파구 올림픽로 215 (잠실동. 신천초등학교),37.51398996,127.0950476,송파구
서울광진초등학교,초등학교,서울특별시 광진구 자양로40길 41 . 서울광진초등학교 (구의동),37.54755486,127.0912432,광진구
서울신계초등학교,초등학교,서울특별시 노원구 초안산로 29 (월계동.신계초등학교),37.63000893,127.0532153,노원구
서울문정초등학교,초등학교,서울특별시 송파구 문정로5길 20 . 문정초등학교 (문정동),37.48889497,127.128721,송파구
서울서정초등학교,초등학교,서울특별시 양천구 목동로8길 19 (목동.서울서정초등학교),37.52394438,126.8674026,양천구
서울방일초등학교,초등학교,서울특별시 서초구 방배로18길 52 (방배동),37.48536558,126.9981018,서초구
서울면남초등학교,초등학교,서울특별시 중랑구 면목로30나길 38 (면목동.면남초등학교),37.57719558,127.0882508,중랑구
서울잠원초등학교,초등학교,서울특별시 서초구 신반포로16길 15-25 (반포동. 잠원초등학교),37.50154786,126.9980966,서초구
서울거원초등학교,초등학교,서울특별시 송파구 양산로2길 26 (거여동.거원초등학교),37.48782967,127.144909,송파구
서울난향초등학교,초등학교,서울특별시 관악구 난향길 9 (신림동.난향초등학교),37.46232075,126.9179108,관악구
서울신학초등학교,초등학교,서울특별시 도봉구 방학로 247-21 (방학동),37.66078234,127.0252821,도봉구
서울송천초등학교,초등학교,서울특별시 강북구 삼양로20길 29 (미아동.서울송천초등학교),37.61567143,127.0236456,강북구
서울송정초등학교,초등학교,서울특별시 강서구 공항대로3길 18 (공항동),37.56242642,126.8110229,강서구
서울신원초등학교,초등학교,서울특별시 양천구 남부순환로58길 32 (신월동.서울신원초등학교),37.52950283,126.829855,양천구
서울목동초등학교,초등학교,서울특별시 양천구 목동동로12길 12 (신정동.서울목동초등학교),37.52248219,126.8720819,양천구
서울당서초등학교,초등학교,서울특별시 영등포구 당산로 187 . 서울당서초등학교 (당산동5가),37.53170555,126.8994612,영등포구
서울신영초등학교,초등학교,서울특별시 영등포구 도신로4길 32 (대림동.신영초등학교),37.50034896,126.8959027,영등포구
서울면일초등학교,초등학교,서울특별시 중랑구 용마산로100길 13 . 면일초등학교 (망우동),37.59188275,127.0996567,중랑구
청원초등학교,초등학교,서울특별시 노원구 한글비석로 506 . (상계동.청원초/중/고등학교) (상계동),37.66537205,127.0613433,노원구
서울숭신초등학교,초등학교,서울특별시 성동구 마장로 161 (하왕십리동),37.5676259,127.0276617,성동구
서울하늘초등학교,초등학교,서울특별시 마포구 월드컵북로 502-14 . 서울하늘초등학교 (상암동),37.58553531,126.8807699,마포구
서울사당초등학교,초등학교,서울특별시 관악구 남현4길 51 . 서울사당초등학교 (남현동),37.47395148,126.9740563,관악구
서울창경초등학교,초등학교,서울특별시 도봉구 도봉로129길 54 (쌍문동.창경초등학교),37.65604739,127.0349723,도봉구
서울신답초등학교,초등학교,서울특별시 동대문구 천호대로 177 (답십리동.서울신답초등학교),37.57300059,127.0433994,동대문구
서울신림초등학교,초등학교,서울특별시 관악구 문성로28길 31 . 서울신림초등학교 (신림동),37.4773529,126.9275253,관악구
서울청량초등학교,초등학교,서울특별시 동대문구 회기로25길 31 (회기동.서울청량초등학교),37.59203304,127.0556198,동대문구
금성초등학교,초등학교,서울특별시 중랑구 신내로21길 55 . 금성초등학교 (신내동),37.61501531,127.0896681,중랑구
서울송화초등학교,초등학교,서울특별시 강서구 방화대로34길 2 (방화동.송화초등학교),37.56827406,126.8174653,강서구
서울원당초등학교,초등학교,서울특별시 관악구 봉천로 505 (봉천동),37.48112333,126.9564572,관악구
서울문덕초등학교,초등학교,서울특별시 송파구 송이로34길 60 (문정동),37.48499277,127.1275957,송파구
서울은로초등학교,초등학교,서울특별시 동작구 서달로 115 . 서울은로초등학교 (흑석동),37.50335439,126.9599535,동작구
서울답십리초등학교,초등학교,서울특별시 동대문구 전농로3길 23 . 서울답십리초등학교 (답십리동),37.56859461,127.0555483,동대문구
서울삼정초등학교,초등학교,서울특별시 강서구 금낭화로 222 . 서울삼정초등학교 (방화동),37.58014934,126.8102779,강서구
서울덕의초등학교,초등학교,서울특별시 구로구 고척로 213 (고척동.덕의초등학교),37.50605683,126.8566854,구로구
서울본동초등학교,초등학교,서울특별시 동작구 노량진로26길 16-40 . 서울본동초등학교 (본동),37.51020148,126.9536623,동작구
서울남부초등학교,초등학교,서울특별시 관악구 남부순환로163길 14 . 서울남부초등학교 (신림동),37.48486115,126.9220969,관악구
서울봉현초등학교,초등학교,서울특별시 관악구 성현로 117 (봉천동.서울봉현초등학교),37.49089434,126.9550476,관악구
서울은진초등학교,초등학교,서울특별시 은평구 진관1로 21-20 . 은진초등학교 (진관동),37.63303012,126.9211201,은평구
서울수색초등학교,초등학교,서울특별시 은평구 수색로16길 21 (수색동),37.5849498,126.8956303,은평구
서울서빙고초등학교,초등학교,서울특별시 용산구 서빙고로51길 14 . 서울서빙고초등학교 (서빙고동),37.52124919,126.9922315,용산구
서울용곡초등학교,초등학교,서울특별시 광진구 용마산로22길 82 . 서울용곡초등학교 (중곡동),37.56689003,127.088537,광진구
서울삼릉초등학교,초등학교,서울특별시 강남구 봉은사로63길 22 (삼성동.삼릉초등학교),37.51292229,127.0471068,강남구
서울왕북초등학교,초등학교,서울특별시 강남구 광평로31길 74 (수서동.왕북초등학교),37.48616111,127.0865315,강남구
서울역삼초등학교,초등학교,서울특별시 강남구 강남대로66길 21 서울역삼초등학교 (역삼동),37.49316528,127.0326527,강남구
서울상계초등학교,초등학교,서울특별시 노원구 상계로9길 39 . 서울상계초등학교 (상계동),37.65912409,127.0659095,노원구
서울숭인초등학교,초등학교,서울특별시 성북구 오패산로16길 37 (하월곡동.서울숭인초등학교),37.60908739,127.0384077,성북구
서울일신초등학교,초등학교,서울특별시 성북구 월곡로 74 (종암동.서울일신초등학교),37.59895126,127.0401072,성북구
서울묵현초등학교,초등학교,서울특별시 중랑구 동일로157길 75 서울묵현초등학교,37.6092043,127.0736243,중랑구
서울상수초등학교,초등학교,서울특별시 노원구 동일로216길 66 . 서울상수초등학교 (상계동),37.65162298,127.0648868,노원구
서울을지초등학교,초등학교,서울특별시 노원구 중계로 239 (중계동),37.65064037,127.0729274,노원구
서울가양초등학교,초등학교,서울특별시 강서구 허준로 186 . (가양동.가양초등학교),37.5617004,126.8590239,강서구
서울종암초등학교,초등학교,서울특별시 동대문구 무학로44길 25 (제기동),37.58186983,127.0312559,동대문구
서울연지초등학교,초등학교,서울특별시 노원구 월계로55길 48 (월계동),37.63351631,127.0599789,노원구
서울보광초등학교,초등학교,서울특별시 용산구 우사단로 20 (이태원동.보광초등학교),37.53246659,126.9963946,용산구
서울신동초등학교,초등학교,서울특별시 서초구 나루터로 15 (잠원동.신동초등학교),37.51689205,127.0118979,서초구
서울창림초등학교,초등학교,서울특별시 도봉구 덕릉로63길 46 (창동),37.64305965,127.041485,도봉구
서울대도초등학교,초등학교,서울특별시 강남구 선릉로 209 (도곡동. 서울대도초등학교),37.49260076,127.0535537,강남구
서울대동초등학교,초등학교,서울특별시 영등포구 대림로21길 6 . 서울대동초등학교 (대림동),37.49359972,126.9004978,영등포구
서울영동초등학교,초등학교,서울특별시 영등포구 국회대로53길 20 (당산동. 영동초등학교),37.52690543,126.9075114,영등포구
서울방이초등학교,초등학교,서울특별시 송파구 위례성대로10길 4 . 서울방이초등학교 (방이동),37.51343915,127.1209353,송파구
서울미아초등학교,초등학교,서울특별시 성북구 삼양로 77 (길음동. 서울미아초등학교),37.61046196,127.0217482,성북구
서울방화초등학교,초등학교,서울특별시 강서구 양천로6길 92 (방화동),37.56862486,126.8069694,강서구
서울금동초등학교,초등학교,서울특별시 금천구 금하로30길 53 . 서울금동초등학교 (시흥동),37.44753081,126.9164244,금천구
성신초등학교,초등학교,서울특별시 성북구 북악산로 918 (돈암동.성신초등학교),37.59393484,127.0233205,성북구
서울두산초등학교,초등학교,서울특별시 금천구 범안로11길 3 . 서울두산초등학교 (독산동),37.46742202,126.8906367,금천구
서울금산초등학교,초등학교,서울특별시 금천구 시흥대로24길 57 (시흥동. 서울금산초등학교),37.44164885,126.9081994,금천구
서울화곡초등학교,초등학교,서울특별시 강서구 초록마을로 28 화곡동.화곡초등학교,37.54330935,126.8459511,강서구
서울서신초등학교,초등학교,서울특별시 은평구 은평터널로 150 (신사동),37.59232847,126.9074837,은평구
서울숭곡초등학교,초등학교,서울특별시 성북구 종암로40길 30 (하월곡동.서울숭곡초등학교),37.60840947,127.0324922,성북구
서울신중초등학교,초등학교,서울특별시 서초구 남부순환로317길 15 (서초동.서울신중초등학교),37.47992822,127.0097922,서초구
서울선유초등학교,초등학교,서울특별시 영등포구 선유로43가길 14 (양평동3가. 서울선유초등학교),37.53263087,126.8926715,영등포구
서울은천초등학교,초등학교,서울특별시 관악구 은천로 69 (봉천동),37.48698484,126.9427248,관악구
서울미동초등학교,초등학교,서울특별시 서대문구 충정로 52 (미근동. 서울미동초등학교),37.56311085,126.9658506,서대문구
서울면북초등학교,초등학교,서울특별시 중랑구 용마공원로5길 32 . 서울면북초등학교 (망우동),37.59428349,127.1033728,중랑구
서울관악초등학교,초등학교,서울특별시 관악구 청룡4길 49 . 관악초등학교 (봉천동.관악초등학교),37.48065828,126.9429238,관악구
서울청담초등학교,초등학교,서울특별시 강남구 압구정로71길 9 (청담동.청담초등학교),37.52797617,127.0450453,강남구
서울배봉초등학교,초등학교,서울특별시 동대문구 사가정로 193 (전농동. 서울배봉초등학교),37.57989859,127.0662438,동대문구
서울버들초등학교,초등학교,서울특별시 송파구 석촌호수로 81 . 서울버들초등학교 (잠실동),37.51028143,127.0890677,송파구
서울용산초등학교,초등학교,서울특별시 용산구 한강대로57길 33 (한강로2가.용산초등학교),37.53527599,126.9723116,용산구
서울영희초등학교,초등학교,서울특별시 강남구 일원로 21 (일원동.영희초등학교),37.49192076,127.0812703,강남구
은석초등학교,초등학교,서울특별시 동대문구 장안벚꽃로 205 (장안동. 은석초등학교),37.57841,127.0752698,동대문구
서울개화초등학교,초등학교,서울특별시 강서구 양천로 11 (방화동.개화초등학교),37.57370704,126.8045332,강서구
서울미성초등학교,초등학교,서울특별시 관악구 문성로 79 . 서울미성초등학교 (신림동),37.47793138,126.9125391,관악구
서울소의초등학교,초등학교,서울특별시 마포구 마포대로24길 42 (아현동.소의초등학교),37.55226664,126.9608455,마포구
서울성산초등학교,초등학교,서울특별시 마포구 양화로3길 94 . 서울성산초등학교 (합정동),37.55329583,126.9110836,마포구
서울원명초등학교,초등학교,서울특별시 서초구 고무래로 90-6 (서초동.원명초등학교),37.50079587,127.0169088,서초구
서울도림초등학교,초등학교,서울특별시 영등포구 가마산로65길 22 . 서울도림초등학교 (신길동),37.50812274,126.9071795,영등포구
서울백산초등학교,초등학교,서울특별시 금천구 시흥대로38길 78 (시흥동. 백산초등학교),37.44673975,126.9050156,금천구
서울삼육초등학교,초등학교,서울특별시 동대문구 회기로10길 63 (회기동.서울삼육초등학교),37.58912911,127.0478355,동대문구
경희초등학교,초등학교,서울특별시 동대문구 경희대로 26 . 경희초등학교 (회기동. 경희대학교),37.59455742,127.0487668,동대문구
서울신남성초등학교,초등학교,서울특별시 동작구 사당로 146 (사당동. 서울신남성초등학교),37.4889652,126.9651691,동작구
서울선곡초등학교,초등학교,서울특별시 노원구 광운로2길 1 서울선곡초등학교 (월계동),37.61850354,127.0581647,노원구
서울양화초등학교,초등학교,서울특별시 양천구 목동중앙북로16길 57 (목동.서울양화초등학교),37.54382981,126.874714,양천구
서울청파초등학교,초등학교,서울특별시 용산구 효창원로 228 . 서울청파초등학교 (청파동2가),37.54751471,126.9642735,용산구
서울대모초등학교,초등학교,서울특별시 강남구 광평로20길 27 . 대모초등학교 (일원동.대모초등학교),37.48113529,127.0863007,강남구
서울오류초등학교,초등학교,서울특별시 구로구 경인로19길 39 . 서울오류초등학교 (오류동),37.49804492,126.8423578,구로구
서울율현초등학교,초등학교,서울특별시 강남구 밤고개로21길 15 . 서울율현초등학교 (자곡동),37.47451551,127.1082848,강남구
서울경인초등학교,초등학교,서울특별시 양천구 안양천로 1009 (목동.서울경인초등학교),37.53303783,126.8862812,양천구
서울여의도초등학교,초등학교,서울특별시 영등포구 여의대방로 439 . 서울여의도초등학교 (여의도동),37.52289028,126.9364713,영등포구
서울수송초등학교,초등학교,서울특별시 강북구 한천로124길 14 (번1동) 456번지,37.6370879,127.0330004,강북구
서울당산초등학교,초등학교,서울특별시 영등포구 선유로55길 32 . 서울당산초등학교 (양평동4가),37.53958444,126.8961552,영등포구
서울금옥초등학교,초등학교,서울특별시 성동구 독서당로 251 (금호동4가. 서울금옥초등학교),37.54632146,127.0176012,성동구
서울청계초등학교,초등학교,서울특별시 노원구 공릉로 431 (중계동. 청계초등학교),37.64466805,127.0662865,노원구
서울도신초등학교,초등학교,서울특별시 영등포구 도림로53길 32-9 . 서울도신초등학교 (대림동),37.49872801,126.9008446,영등포구
서울신묵초등학교,초등학교,서울특별시 중랑구 동일로149길 46 (묵동.신묵초등학교),37.60716846,127.0755519,중랑구
서울대영초등학교,초등학교,서울특별시 영등포구 신길로23길 43 (신길동),37.50244683,126.9058247,영등포구
서울가재울초등학교,초등학교,서울특별시 서대문구 모래내로15길 61 (남가좌동),37.57368245,126.9183891,서대문구
서울탑동초등학교,초등학교,서울특별시 금천구 탑골로 47-3 (시흥동. 탑동초등학교),37.45292038,126.9147652,금천구
서울수암초등학교,초등학교,서울특별시 노원구 중계로12길 9 (중계동.수암초등학교),37.64812624,127.0813164,노원구
서울세륜초등학교,초등학교,서울특별시 송파구 양재대로 1264 . 서울세륜초등학교 (방이동),37.51844009,127.1340298,송파구
서울신우초등학교,초등학교,서울특별시 관악구 호암로 498 . 신우초등학교 (신림동),37.46258977,126.9328245,관악구
서울난우초등학교,초등학교,서울특별시 관악구 난우길 40 (신림동.난우초등학교),37.4768265,126.9178675,관악구
서울남사초등학교,초등학교,서울특별시 동작구 동작대로13길 22 (사당동),37.48234361,126.9788622,동작구
서울동구로초등학교,초등학교,서울특별시 구로구 구로중앙로14길 43 . 서울동구로초등학교 (구로동),37.49490768,126.8925517,구로구
서울옥정초등학교,초등학교,서울특별시 성동구 한림말길 43 (옥수동.옥정초등학교),37.54189922,127.0153975,성동구
홍익대학교사범대학부속초등학교,초등학교,서울특별시 마포구 성미산로 51 (성산동),37.5598566,126.9127395,마포구
서울봉은초등학교,초등학교,서울특별시 강남구 학동로 610 (삼성동.봉은초등학교),37.52038242,127.0608483,강남구
서울광남초등학교,초등학교,서울특별시 광진구 아차산로70길 35 (광장동.서울광남초등학교),37.54081543,127.1009346,광진구
서울난곡초등학교,초등학교,서울특별시 관악구 난곡로35길 102 (신림동. 서울난곡초등학교),37.46924045,126.9166641,관악구
서울전곡초등학교,초등학교,서울특별시 동대문구 전농로 172 (전농동),37.58050699,127.056576,동대문구
서울독산초등학교,초등학교,서울특별시 금천구 시흥대로104길 31 (독산동. 독산초등학교),37.46557864,126.9004487,금천구
서울창일초등학교,초등학교,서울특별시 도봉구 노해로66길 84 . 창일초등학교 (창동),37.64746848,127.0476085,도봉구
서울금화초등학교,초등학교,서울특별시 서대문구 통일로 165 (천연동.서울금화초등학교),37.56827705,126.9633067,서대문구
서울세곡초등학교,초등학교,서울특별시 구로구 고척로33길 34 (고척동.세곡초등학교),37.50461886,126.8492552,구로구
서울양명초등학교,초등학교,서울특별시 양천구 중앙로 204 (신정동.양명초등학교),37.51511748,126.8564126,양천구
서울삼선초등학교,초등학교,서울특별시 성북구 보문로29길 106 (삼선동3가.서울삼선초등학교),37.58659122,127.0122458,성북구
서울은평초등학교,초등학교,서울특별시 은평구 은평로 239 (녹번동),37.60204594,126.9344691,은평구
서울숭미초등학교,초등학교,서울특별시 도봉구 노해로 179 (쌍문동.숭미초등학교),37.65082107,127.0277691,도봉구
서울수유초등학교,초등학교,서울특별시 강북구 삼양로74길 39 . 수유초등학교,37.63093107,127.0201318,강북구
서울홍제초등학교,초등학교,서울특별시 서대문구 홍은중앙로 13 . 서울홍제초등학교 (홍은동),37.59307781,126.9444064,서대문구
서울봉래초등학교,초등학교,서울특별시 중구 손기정로 73 (만리동2가),37.55635083,126.964169,중구
서울용두초등학교,초등학교,서울특별시 동대문구 천호대로13길 43 (용두동.서울용두초등학교),37.5756461,127.0289784,동대문구
서울금양초등학교,초등학교,서울특별시 용산구 효창원로 137 . 서울금양초등학교 (효창동),37.5404868,126.9612596,용산구
서울신남초등학교,초등학교,서울특별시 양천구 남부순환로83길 (신월동. 서울신남초등학교),37.51612178,126.8444965,양천구
서울구현초등학교,초등학교,서울특별시 은평구 갈현로15길 51 (구산동.구현초등학교),37.60956786,126.9057958,은평구
서울삼일초등학교,초등학교,서울특별시 동작구 사당로23나길 27 . 서울삼일초등학교 (사당동),37.48823549,126.9751016,동작구
서울동교초등학교,초등학교,서울특별시 마포구 월드컵로25길 86 . 동교초등학교 (망원동),37.55809588,126.9025892,마포구
서울대길초등학교,초등학교,서울특별시 영등포구 대방천로 206 . 서울대길초등학교 (신길동),37.49811236,126.9138234,영등포구
서울양천초등학교,초등학교,서울특별시 강서구 양천로 329 (가양동.양천초등학교),37.57002501,126.8396521,강서구
서울잠현초등학교,초등학교,서울특별시 송파구 올림픽로37길 109 . 서울잠현초등학교 (신천동),37.52242179,127.1047786,송파구
서울우암초등학교,초등학교,서울특별시 서초구 바우뫼로7길 38 (우면동.우암초등학교),37.47185411,127.0245296,서초구
서울서이초등학교,초등학교,서울특별시 서초구 서운로 35 (서초동.서이초등학교),37.49120943,127.0259479,서초구
서울새솔초등학교,초등학교,서울특별시 중랑구 신내역로1길 164 (신내동.서울새솔초등학교),37.61798909,127.1114668,중랑구
서울포이초등학교,초등학교,서울특별시 강남구 개포로22길 87 . 서울포이초등학교 (개포동.포이초등학교),37.47562093,127.0523485,강남구
서울석촌초등학교,초등학교,서울특별시 송파구 가락로11길 26 . 서울석촌초등학교 (석촌동),37.50257259,127.1047773,송파구
서울문교초등학교,초등학교,서울특별시 금천구 독산로54길 102 . 문교초등학교 (독산동),37.4664123,126.9086835,금천구
서울화일초등학교,초등학교,서울특별시 강서구 까치산로10길 70 (화곡동.서울화일초등학교),37.54072601,126.8474076,강서구
서울풍납초등학교,초등학교,서울특별시 송파구 풍성로 43 (풍납동),37.53473536,127.1179898,송파구
서울매헌초등학교,초등학교,서울특별시 서초구 언남길 8 (양재동.매헌초등학교),37.47113833,127.0420698,서초구
유석초등학교,초등학교,서울특별시 강서구 화곡로69길 9 (등촌동),37.56080588,126.8537249,강서구
서울목운초등학교,초등학교,서울특별시 양천구 목동동로 235 . 서울목운초등학교 (목동),37.52678174,126.8734243,양천구
서울노원초등학교,초등학교,서울특별시 노원구 동일로230나길 32 (상계동. 노원초등학교),37.67296962,127.0583765,노원구
서울연희초등학교,초등학교,서울특별시 서대문구 연희로 136 (연희동. 서울연희초등학교),37.56923664,126.9338938,서대문구
서울상곡초등학교,초등학교,서울특별시 노원구 노원로38길 34 . 서울상곡초등학교 (상계동),37.66272176,127.0626484,노원구
서울망우초등학교,초등학교,서울특별시 중랑구 망우로72길 49 . 서울망우초등학교 (망우동),37.59832903,127.1034344,중랑구
서울영중초등학교,초등학교,서울특별시 영등포구 양산로 185 . 서울영중초등학교 (영등포동7가),37.52383821,126.9039467,영등포구
선일초등학교,초등학교,서울특별시 은평구 갈현로29길 27 . 선일초등학교 (갈현동),37.61987517,126.9131691,은평구
서울청덕초등학교,초등학교,서울특별시 성북구 정릉로9라길 11 (정릉동.서울청덕초등학교),37.61203173,127.0004066,성북구
서울대현초등학교,초등학교,서울특별시 강남구 역삼로98길 16 (대치동.대현초등학교),37.50391526,127.0637099,강남구
서울용강초등학교,초등학교,서울특별시 마포구 백범로17길 9 (대흥동),37.54872321,126.9437543,마포구
서울서초초등학교,초등학교,서울특별시 서초구 서운로 178 (서초동.서초초등학교),37.49924055,127.024108,서초구
서울중원초등학교,초등학교,서울특별시 노원구 섬밭로 316 (중계동),37.64367019,127.0627832,노원구
서울송파초등학교,초등학교,서울특별시 송파구 백제고분로 400 (송파동),37.50708693,127.110752,송파구
서울신화초등학교,초등학교,서울특별시 도봉구 우이천로 120 . 신화초등학교 (창동),37.63248977,127.0412247,도봉구
서울대은초등학교,초등학교,서울특별시 은평구 통일로69길 12-15 . 서울대은초등학교 (대조동),37.61183648,126.9262388,은평구
서울방학초등학교,초등학교,서울특별시 도봉구 도당로9길 34 (방학동),37.6640395,127.0320573,도봉구
서울증산초등학교,초등학교,서울특별시 은평구 증산서길 61 (증산동),37.58241376,126.9045185,은평구
서울잠신초등학교,초등학교,서울특별시 송파구 잠실로 32 . 서울잠신초등학교 (잠실동),37.51411407,127.0880021,송파구
서울길원초등학교,초등학교,서울특별시 성북구 길음로15길 55 . 서울길원초등학교 (길음동),37.60881486,127.0168305,성북구
서울신미림초등학교,초등학교,서울특별시 구로구 신도림로 26 (신도림동. 신미림초등학교),37.5067663,126.8797159,구로구
서울묵동초등학교,초등학교,서울특별시 중랑구 동일로138길 27 . 서울묵동초등학교 (중화동),37.60399167,127.0814383,중랑구
중앙대학교사범대학부속초등학교,초등학교,서울특별시 동작구 서달로 135 중앙대학교 사범대학 부속초등학교 (흑석동 233),37.50538034,126.9601067,동작구
서울청구초등학교,초등학교,서울특별시 중구 다산로 170 (신당동.청구초등학교),37.55847699,127.0141941,중구
서울남성초등학교,초등학교,서울특별시 동작구 사당로23길 57-14 (사당동. 서울남성초등학교),37.48444155,126.9760922,동작구
운현초등학교,초등학교,서울특별시 종로구 삼일대로 460 . (운니동. 운현초등학교 (운니동),37.57610111,126.9882829,종로구
서울홍은초등학교,초등학교,서울특별시 서대문구 세검정로 105 . 홍제동.서울홍은초등학교 (홍제동),37.59741985,126.949743,서대문구
서울공항초등학교,초등학교,서울특별시 강서구 마곡서1로 68 (마곡동),37.56302167,126.8215615,강서구
서울중광초등학교,초등학교,서울특별시 광진구 긴고랑로13길 59 (중곡동.중광초등학교),37.56511742,127.082436,광진구
서울서래초등학교,초등학교,서울특별시 서초구 방배로 260 (방배동.서래초등학교),37.49629538,126.9893083,서초구
서울탑산초등학교,초등학교,서울특별시 강서구 허준로 109 (가양동. 탑산초등학교),37.56684247,126.8525133,강서구
서울강신초등학교,초등학교,서울특별시 양천구 월정로 280 . 서울강신초등학교 (신월동.서울강신초등학교),37.5429317,126.8294216,양천구
서울인헌초등학교,초등학교,서울특별시 관악구 낙성대로 23 (봉천동),37.47633272,126.9603445,관악구
서울방배초등학교,초등학교,서울특별시 서초구 방배중앙로13길 26 (방배동.방배초등학교),37.48748657,126.9871924,서초구
서울정릉초등학교,초등학교,서울특별시 성북구 솔샘로25가길 8 (정릉동.서울정릉초등학교),37.61964055,127.0053469,성북구
서울신현초등학교,초등학교,서울특별시 중랑구 봉화산로 188 (신내동),37.60564979,127.0935852,중랑구
서울등현초등학교,초등학교,서울특별시 강서구 화곡로65길 124 (등촌동.등현초등학교),37.56129109,126.8477618,강서구
서울불암초등학교,초등학교,서울특별시 노원구 중계로 178 . 서울불암초등학교 (중계동),37.65112496,127.0805624,노원구
서울풍성초등학교,초등학교,서울특별시 송파구 강동대로2길 13 . (풍납동.풍성초등학교),37.52606185,127.1132696,송파구
서울개롱초등학교,초등학교,서울특별시 송파구 문정로 211 . 서울개롱초등학교 (오금동),37.49711757,127.1396638,송파구
서울신양초등학교,초등학교,서울특별시 광진구 능동로 42 . 신양초등학교 (자양동),37.53462395,127.0691421,광진구
서울경일초등학교,초등학교,서울특별시 성동구 뚝섬로 332 (성수동1가),37.54045968,127.0470928,성동구
서울개포초등학교,초등학교,서울특별시 강남구 삼성로 14(개포동),37.48623864,127.0698266,강남구
서울흑석초등학교,초등학교,서울특별시 동작구 현충로 87 . 서울흑석초등학교 (흑석동),37.50858214,126.9651701,동작구
서울오현초등학교,초등학교,서울특별시 강북구 월계로 221 (번동.오현초등학교),37.6232687,127.046857,강북구
서울양진초등학교,초등학교,서울특별시 광진구 워커힐로 32 (광장동.양진초중학교),37.54424033,127.0983249,광진구
서울공덕초등학교,초등학교,서울특별시 마포구 만리재옛길 13 (공덕동. 공덕초등학교). 서울공덕초등학교,37.54592662,126.9535775,마포구
서울대치초등학교,초등학교,서울특별시 강남구 양재천로 363 (대치동. 대치초등학교),37.4909822,127.062292,강남구
서울구일초등학교,초등학교,서울특별시 구로구 구일로 68 (구로동.구일초등학교),37.49274072,126.8729387,구로구
서울상원초등학교,초등학교,서울특별시 노원구 한글비석로54길 119 (상계동),37.66763033,127.0602136,노원구
서울면목초등학교,초등학교,서울특별시 중랑구 면목로 434 (면목동),37.59113421,127.0877149,중랑구
서울정수초등학교,초등학교,서울특별시 성북구 정릉로24길 58 (정릉동.서울정수초등학교),37.60402862,127.0079526,성북구
서울천왕초등학교,초등학교,서울특별시 구로구 천왕로1길 11 (천왕동),37.48160957,126.8371548,구로구
서울연가초등학교,초등학교,서울특별시 서대문구 증가로12가길 49-50 (남가좌동. 서울연가초등학교),37.57989027,126.9181164,서대문구
서울이수초등학교,초등학교,서울특별시 서초구 방배천로4길 23 서울이수초등학교 (방배동.이수초등학교),37.47809898,126.984565,서초구
서울수서초등학교,초등학교,서울특별시 강남구 광평로51길 46 (수서동.수서초등학교),37.49102353,127.1015496,강남구
서울당중초등학교,초등학교,서울특별시 영등포구 선유로 131 . 서울당중초등학교 (양평동3가),37.52651876,126.889994,영등포구
서울성서초등학교,초등학교,서울특별시 마포구 성미산로7길 24 (성산동),37.5604451,126.9113858,마포구
서울신월초등학교,초등학교,서울특별시 강서구 강서로31길 48 (화곡동.신월초등학교),37.53999528,126.8391141,강서구
서울효제초등학교,초등학교,서울특별시 종로구 대학로 12 . 서울효제초등학교 (효제동),37.57268283,127.0028689,종로구
서울용원초등학교,초등학교,서울특별시 노원구 섬밭로 144 . 용원초등학교 (공릉동. 서울용원초등학교),37.62926521,127.0688931,노원구
서울이태원초등학교,초등학교,서울특별시 용산구 녹사평대로40길 19 (이태원동.이태원초등학교),37.53589957,126.9879468,용산구
서울남산초등학교,초등학교,서울특별시 중구 퇴계로22길 17 서울남산초등학교 (남산동2가),37.55991348,126.9867556,중구
서울용마초등학교,초등학교,서울특별시 광진구 천호대로113길 10 (중곡동),37.55802533,127.0841901,광진구
서울고현초등학교,초등학교,서울특별시 강동구 상일로11길 110 . 서울고현초등학교,37.55405326,127.1658598,강동구
서울오류남초등학교,초등학교,서울특별시 구로구 서해안로24길 22 (오류동. 오류남초등학교),37.48938155,126.8384138,구로구
서울신도림초등학교,초등학교,서울특별시 구로구 신도림로19길 44 . 서울신도림초등학교 (신도림동),37.51227653,126.8828823,구로구
서울성원초등학교,초등학교,서울특별시 마포구 월드컵로36길 34 (성산동),37.56698252,126.9045421,마포구
서울한서초등학교,초등학교,서울특별시 마포구 대흥로24바길 27 서울한서초 (염리동),37.55351907,126.9496358,마포구
서울학동초등학교,초등학교,서울특별시 강남구 선릉로115길 42 . 서울학동초등학교 (논현동),37.51212997,127.0398509,강남구
서울신석초등학교,초등학교,서울특별시 마포구 대흥로 33 . 서울신석초등학교 (신수동),37.54416118,126.9378894,마포구
서울구남초등학교,초등학교,서울특별시 광진구 구의강변로 69 . 서울구남초등학교 (구의동),37.53683145,127.0923309,광진구
서울용암초등학교,초등학교,서울특별시 용산구 녹사평대로60길 39 (용산동2가. 용암초등학교),37.54494716,126.9895351,용산구
서울화계초등학교,초등학교,서울특별시 강북구 솔매로50가길 25 (미아동),37.62369294,127.0292259,강북구
서울장안초등학교,초등학교,서울특별시 광진구 군자로 74 (군자동),37.55018701,127.0721269,광진구
서울혜화초등학교,초등학교,서울특별시 종로구 혜화로 32 . 서울혜화초등학교 (혜화동),37.58913694,126.9998927,종로구
서울신창초등학교,초등학교,서울특별시 도봉구 덕릉로60길 93 . 신창초등학교 (창동),37.63659186,127.0419625,도봉구
서울가곡초등학교,초등학교,서울특별시 강서구 공항대로36길 74 (마곡동. 가곡초등학교),37.55538679,126.8358488,강서구
서울정덕초등학교,초등학교,서울특별시 성북구 아리랑로 63 (동소문동7가.서울정덕초등학교),37.59782277,127.0135147,성북구
서울초당초등학교,초등학교,서울특별시 도봉구 해등로32길 11 (방학동),37.6581088,127.0223015,도봉구
서울인왕초등학교,초등학교,서울특별시 서대문구 세무서길 33-9 (홍제동.서울인왕초등학교),37.59023007,126.9447891,서대문구
서울원효초등학교,초등학교,서울특별시 용산구 효창원로13길 38 . 서울원효초등학교 (산천동.원효초등학교),37.53607983,126.9514815,용산구
서울숭례초등학교,초등학교,서울특별시 성북구 종암로5길 14 (종암동.서울숭례초등학교),37.594893,127.0345745,성북구
서울상현초등학교,초등학교,서울특별시 동작구 상도로58길 21 (상도동),37.49496183,126.9526884,동작구
서울동의초등학교,초등학교,서울특별시 광진구 영화사로 111 (구의동.서울동의초등학교),37.5535347,127.0984388,광진구
서울유현초등학교,초등학교,서울특별시 강북구 인수봉로37길 24 (수유동.서울유현초등학교),37.63194948,127.0116361,강북구
서울신은초등학교,초등학교,서울특별시 양천구 신정이펜2로 30 (신정동),37.51404913,126.8320115,양천구
리라초등학교,초등학교,서울특별시 중구 소파로2길 7 (예장동),37.55773496,126.9879121,중구
동산초등학교,초등학교,서울특별시 중구 매봉18길 109 동산초등학교 (신당동),37.5557597,127.0171653,중구
서울누원초등학교,초등학교,서울특별시 도봉구 마들로 859-44 (도봉동),37.68669133,127.0493712,도봉구
서울남정초등학교,초등학교,서울특별시 용산구 원효로64길 17-10 . 서울남정초등학교 (원효로2가),37.53656475,126.9649864,용산구
서울동원초등학교,초등학교,서울특별시 중랑구 송림길 114 . 서울동원초등학교 (망우동),37.60465557,127.1051687,중랑구
서울창도초등학교,초등학교,서울특별시 도봉구 방학로 32-28 (방학동. 서울창도초등학교),37.66371152,127.0495288,도봉구
서울송원초등학교,초등학교,서울특별시 성동구 동일로43길 9 (송정동),37.55398973,127.0697433,성동구
서울언주초등학교,초등학교,서울특별시 강남구 남부순환로363길 19 (도곡동.언주초등학교),37.48655528,127.0370393,강남구
서울신흥초등학교,초등학교,서울특별시 금천구 독산로36나길 21 (시흥동. 신흥초등학교),37.45940722,126.9086512,금천구
서울자양초등학교,초등학교,서울특별시 광진구 아차산로44길 26 (자양동),37.53686705,127.079457,광진구
서울행림초등학교,초등학교,서울특별시 동작구 솔밭로 47 (사당동.행림초등학교),37.48161782,126.9645735,동작구
서울송중초등학교,초등학교,서울특별시 강북구 오현로 9 서울송중초등학교(미아동. 송중초등학교),37.61689704,127.0313774,강북구
서울군자초등학교,초등학교,서울특별시 동대문구 한천로6길 21 . 서울군자초등학교 (장안동),37.56430147,127.0613471,동대문구
서울석계초등학교,초등학교,서울특별시 성북구 한천로58길 273 (석관동),37.60857861,127.0699087,성북구
서울진관초등학교,초등학교,서울특별시 은평구 진관4로 78-16 (진관동.진관초등학교),37.64519948,126.9292124,은평구
서울고척초등학교,초등학교,서울특별시 구로구 경서로 31 (고척동),37.50104253,126.8569791,구로구
서울청룡초등학교,초등학교,서울특별시 관악구 관악로5길 61 (봉천동. 서울청룡초등학교),37.47578967,126.9512057,관악구
서울발산초등학교,초등학교,서울특별시 강서구 강서로45길 113 (내발산동.발산초등학교),37.55003812,126.8310383,강서구
서울개일초등학교,초등학교,서울특별시 강남구 개포로 401 . 개일초등학교 (개포동.개일초등학교),37.48574428,127.0580022,강남구
서울서일초등학교,초등학교,서울특별시 서초구 남부순환로339길 38 (서초동.서일초등학교),37.48477207,127.0226321,서초구
서울덕암초등학교,초등학교,서울특별시 노원구 덕릉로112길 68 . 서울덕암초등학교 (상계동),37.66657456,127.0812564,노원구
서울공릉초등학교,초등학교,서울특별시 노원구 동일로173길 12 (공릉동.서울공릉초등학교),37.6193999,127.0740392,노원구
서울동신초등학교,초등학교,서울특별시 성북구 보문사길 50 (보문동3가.서울동신초등학교),37.5829164,127.0167512,성북구
서울연신초등학교,초등학교,서울특별시 은평구 연서로 347 (불광동),37.62666722,126.9285468,은평구
서울내발산초등학교,초등학교,서울특별시 강서구 강서로46길 23 (내발산동.내발산초등학교),37.55158286,126.8378331,강서구
서울대명초등학교,초등학교,서울특별시 강동구 상암로 271 (명일동.서울대명초등학교),37.54716438,127.1532897,강동구
서울홍연초등학교,초등학교,서울특별시 서대문구 백련사길 55 . 서울홍연초등학교 (홍은동),37.58171496,126.9310551,서대문구
서울신상도초등학교,초등학교,서울특별시 동작구 장승배기로 14 (상도동.서울신상도초등학교),37.50017384,126.9439776,동작구
서울후암초등학교,초등학교,서울특별시 용산구 두텁바위로 140 . 서울후암초등학교 (후암동),37.55110281,126.98218,용산구
서울계상초등학교,초등학교,서울특별시 노원구 한글비석로41가길 24 (상계동),37.66292996,127.0680751,노원구
광운초등학교,초등학교,서울특별시 성북구 한천로 694 (장위동. 광운초등학교),37.61885977,127.0547069,성북구
서울백운초등학교,초등학교,서울특별시 도봉구 삼양로146길 17 (쌍문동),37.65298707,127.013549,도봉구
서울고산초등학교,초등학교,서울특별시 구로구 중앙로 6 (고척동. 고산초등학교),37.49924178,126.8655182,구로구
서울신목초등학교,초등학교,서울특별시 양천구 신목로5길 11-6 (신정동.서울신목초등학교),37.51691589,126.8728673,양천구
서울방산초등학교,초등학교,서울특별시 송파구 오금로27길 42 (방이동),37.50937106,127.1209698,송파구
서울동답초등학교,초등학교,서울특별시 동대문구 답십리로60길 12 (답십리동.서울동답초등학교),37.57211378,127.0645741,동대문구
서울태릉초등학교,초등학교,서울특별시 노원구 노원로1길 36 . 서울태릉초등학교 (공릉동),37.62246894,127.0849434,노원구
서울신가초등학교,초등학교,서울특별시 송파구 송이로 75 . 서울신가초등학교 (가락동),37.50001932,127.1200978,송파구
서울북한산초등학교,초등학교,서울특별시 은평구 대서문길 42-3 . 서울북한산초등학교 (진관동),37.65405216,126.9501817,은평구
서울신북초등학교,초등학교,서울특별시 마포구 월드컵북로38길 26 . 서울신북초등학교 (중동),37.57095668,126.9047454,마포구
서울안암초등학교,초등학교,서울특별시 성북구 고려대로7가길 39 (안암동2가. 서울안암초등학교),37.58723548,127.0226712,성북구
서울길동초등학교,초등학교,서울특별시 강동구 양재대로116길 69 . 서울길동초등학교 (길동),37.5385062,127.1448144,강동구
서울영서초등학교,초등학교,서울특별시 구로구 도림로20길 57 (구로동. 서울영서초등학교),37.48842542,126.8947429,구로구
서울성수초등학교,초등학교,서울특별시 성동구 아차산로17길 21 (성수동2가. 성수초등학교),37.54433609,127.0632562,성동구
서울숭덕초등학교,초등학교,서울특별시 성북구 정릉로 279 (정릉동.서울숭덕초등학교),37.6043771,127.0138955,성북구
서울계남초등학교,초등학교,서울특별시 양천구 목동동로2길 54 . 서울계남초등학교 (신정동.서울계남초등학교),37.50996546,126.8601556,양천구
서울목원초등학교,초등학교,서울특별시 양천구 목동중앙로 204 (목동.목원초등학교),37.54291947,126.8823543,양천구
서울서교초등학교,초등학교,서울특별시 마포구 와우산로23길 20-27 (서교동),37.55492474,126.924974,마포구
서울문현초등학교,초등학교,서울특별시 송파구 충민로 137 . (서울문현초등학교) (장지동),37.48268633,127.1302223,송파구
신광초등학교,초등학교,서울특별시 용산구 청파로 263 . 신광초등학교 청파동 3가 100 (청파동3가),37.54270265,126.9702694,용산구
숭의초등학교,초등학교,서울특별시 중구 소파로2길 10 (예장동.숭의여자대학),37.55633675,126.9880785,중구
서울양강초등학교,초등학교,서울특별시 양천구 오목로 101 (신월동. 서울양강초등학교),37.52399802,126.8480459,양천구
서울안평초등학교,초등학교,서울특별시 동대문구 장한로14길 61 . 서울안평초등학교 (장안동),37.56571163,127.071815,동대문구
서울송전초등학교,초등학교,서울특별시 송파구 석촌호수로 159 (잠실동),37.50881326,127.0950142,송파구
서울서강초등학교,초등학교,서울특별시 마포구 독막로 113 (상수동.서강초등학교),37.54826989,126.9268512,마포구
서울마장초등학교,초등학교,서울특별시 성동구 마장로35나길 31 . 서울마장초등학교 (마장동),37.56805126,127.0423547,성동구
서울사근초등학교,초등학교,서울특별시 성동구 사근동11길 16 (사근동. 사근초등학교),37.562685,127.047545,성동구
서울덕수초등학교,초등학교,서울특별시 중구 덕수궁길 140 서울덕수초등학교 (정동),37.56863502,126.9745777,중구
서울북가좌초등학교,초등학교,서울특별시 서대문구 거북골로19길 20 (북가좌동. 서울북가좌초등학교),37.57783539,126.9075898,서대문구
화랑초등학교,초등학교,서울특별시 노원구 화랑로 621 . 서울여자대학교 (공릉동),37.62813045,127.0936526,노원구
계성초등학교,초등학교,서울특별시 서초구 신반포로19길 23 . 계성초등학교 (반포동),37.50467615,126.9967878,서초구
서울도곡초등학교,초등학교,서울특별시 강남구 선릉로64길 33 (대치동. 도곡초등학교),37.49906114,127.0546704,강남구
서울언북초등학교,초등학교,서울특별시 강남구 삼성로135길 42 (청담동.언북초등학교),37.51996032,127.0456394,강남구
경기초등학교,초등학교,서울특별시 서대문구 경기대로9길 10 (충정로2가),37.56528345,126.962771,서대문구
서울삼각산초등학교,초등학교,서울특별시 강북구 삼양로19길 141 (미아동.삼각산초등학교),37.61621955,127.0143301,강북구
서울홍릉초등학교,초등학교,서울특별시 동대문구 회기로 90 (청량리동),37.59098046,127.0471967,동대문구
서울온수초등학교,초등학교,서울특별시 구로구 부일로 893 (온수동),37.49387139,126.826079,구로구
서울안산초등학교,초등학교,서울특별시 서대문구 통일로 321 (홍제동),37.57934044,126.9515446,서대문구
서울영본초등학교,초등학교,서울특별시 동작구 만양로12가길 69 . 서울영본초등학교 (본동),37.51050225,126.9488388,동작구
서울영신초등학교,초등학교,서울특별시 영등포구 도신로60길 23 (신길동),37.50985335,126.9181917,영등포구
서울홍파초등학교,초등학교,서울특별시 동대문구 고산자로 518 (제기동),37.58622252,127.0393779,동대문구
서울대신초등학교,초등학교,서울특별시 서대문구 이화여대2길 27 (대현동. 서울대신초등학교),37.55795026,126.947738,서대문구
한양초등학교,초등학교,서울특별시 성동구 살곶이길 208 . 한양초등학교 (사근동),37.55776262,127.0501659,성동구
서울삼전초등학교,초등학교,서울특별시 송파구 백제고분로28길 19 (삼전동),37.50145573,127.0925891,송파구
서울장충초등학교,초등학교,서울특별시 중구 청구로17길 40 . 서울장충초등학교 (신당동),37.55991095,127.0113002,중구
서울동호초등학교,초등학교,서울특별시 성동구 매봉길 49-35 (옥수동. 동호초등학교),37.54661057,127.0100328,성동구
서울상경초등학교,초등학교,서울특별시 노원구 수락산로 237 (상계동.상경초등학교),37.67050507,127.0517418,노원구
서울연천초등학교,초등학교,서울특별시 은평구 연서로34길 22 연천초등학교 (불광동),37.62081253,126.9294822,은평구
서울행현초등학교,초등학교,서울특별시 성동구 행당로 95 (행당동),37.55764558,127.0292998,성동구
충암초등학교,초등학교,서울특별시 은평구 가좌로5길 5 . 충암초등학교 (응암동),37.58545471,126.9224885,은평구
서울대왕초등학교,초등학교,서울특별시 강남구 헌릉로618길 8 (세곡동.대왕초등학교),37.46424569,127.1056184,강남구
서울응봉초등학교,초등학교,서울특별시 성동구 독서당로62길 28 (응봉동. 응봉초등학교),37.55010169,127.0336944,성동구
서울월정초등학교,초등학교,서울특별시 강서구 월정로 176 (화곡동.월정초등학교),37.5343843,126.8363946,강서구
서울신자초등학교,초등학교,서울특별시 광진구 뚝섬로46길 64 . 서울신자초등학교 (자양동),37.53027881,127.0756009,광진구
서울백석초등학교,초등학교,서울특별시 강서구 공항대로 491 (등촌동.백석초등학교),37.5533589,126.8620354,강서구
서울창천초등학교,초등학교,서울특별시 마포구 백범로1길 56 . 서울창천초등학교 (노고산동),37.55488653,126.939603,마포구
매원초등학교,초등학교,서울특별시 성북구 북악산로 870 (돈암동),37.59805481,127.019009,성북구
서울창원초등학교,초등학교,서울특별시 도봉구 해등로 103 (창동. 서울창원초등학교),37.6523306,127.0405915,도봉구
서울한산초등학교,초등학교,서울특별시 강동구 풍성로 261 (서울한산초등학교. 둔촌동),37.52810439,127.1414986,강동구
명지초등학교,초등학교,서울특별시 서대문구 명지2길 32-20 (홍은동),37.58336123,126.928555,서대문구
서울북성초등학교,초등학교,서울특별시 서대문구 북아현로1나길 22 (북아현동. 북성초등학교),37.5591762,126.9522691,서대문구
예일초등학교,초등학교,서울특별시 은평구 연서로 117 (구산동. 예일초등학교),37.61027453,126.9143432,은평구
서울대청초등학교,초등학교,서울특별시 강남구 양재대로55길 28 . 서울대청초등학교 (일원동),37.49283342,127.0879251,강남구
서울구로초등학교,초등학교,서울특별시 구로구 구로중앙로27나길 9 . 구로동443 (구로동),37.49690415,126.8860083,구로구
서울지향초등학교,초등학교,서울특별시 양천구 신정로11길 74 . 서울지향초등학교 (신정동.지향초등학교),37.51294157,126.8371342,양천구
서울영원초등학교,초등학교,서울특별시 영등포구 도영로22길 31 (영등포동. 영원초등학교),37.51055944,126.9022665,영등포구
서울개운초등학교,초등학교,서울특별시 성북구 정릉로48길 52 (돈암동.서울개운초등학교),37.60178264,127.0277783,성북구
서울상신초등학교,초등학교,서울특별시 은평구 가좌로 361 (신사동),37.59780796,126.9050438,은평구
서울시흥초등학교,초등학교,서울특별시 금천구 독산로23길 26 . 서울시흥초등학교 (시흥동),37.45477479,126.9048222,금천구
서울대방초등학교,초등학교,서울특별시 영등포구 여의대방로35길 14 (신길동),37.5023889,126.9194861,영등포구
서울염동초등학교,초등학교,서울특별시 강서구 양천로73길 17 (염창동.염동초등학교),37.55229188,126.8722223,강서구
서울동명초등학교,초등학교,서울특별시 성동구 마장로29길 29 . 서울동명초등학교 (마장동),37.56856515,127.0356624,성동구
서울수명초등학교,초등학교,서울특별시 강서구 수명로1길 84 (내발산동),37.55266332,126.8238445,강서구
서울등명초등학교,초등학교,서울특별시 강서구 강서로56나길 34 (등촌동.등명초등학교),37.56062412,126.8422904,강서구
서울미양초등학교,초등학교,서울특별시 강북구 솔샘로 195 (미아동.미양초등학교),37.62122933,127.0136937,강북구
서울인수초등학교,초등학교,서울특별시 강북구 인수봉로 269 (수유동.서울인수초등학교),37.64278663,127.0099567,강북구
서울길음초등학교,초등학교,서울특별시 성북구 길음로 142 (길음동.서울길음초등학교),37.61346919,127.0177877,성북구
서울강월초등학교,초등학교,서울특별시 양천구 신월로 97 (신월동.서울강월초등학교),37.51602612,126.8339055,양천구
서울잠동초등학교,초등학교,서울특별시 송파구 올림픽로35길 122 (신천동. 잠동초등학교),37.51796437,127.1000484,송파구
서울삼양초등학교,초등학교,서울특별시 강북구 삼양로49길 17 (미아동.삼양초등학교),37.62346894,127.0167773,강북구
서울우이초등학교,초등학교,서울특별시 강북구 삼양로99길 36 (수유동.서울우이초등학교),37.63847291,127.0148822,강북구
서울무학초등학교,초등학교,서울특별시 성동구 무학봉15길 21 . 하왕십리동 950-1. 서울무학초등학교,37.56293165,127.0296135,성동구
서울오봉초등학교,초등학교,서울특별시 도봉구 시루봉로 285 . 서울오봉초등학교 (도봉동),37.67175795,127.0403478,도봉구
서울중대초등학교,초등학교,서울특별시 송파구 송파대로36길 8 (송파동),37.50011095,127.1139167,송파구
서울쌍문초등학교,초등학교,서울특별시 도봉구 우이천로 360 . 서울쌍문초등학교 (쌍문동.쌍문초등학교),37.64866828,127.0247292,도봉구
서울상암초등학교,초등학교,서울특별시 마포구 월드컵북로 353 (상암동.상암초등학교),37.57658427,126.8923219,마포구
서울반원초등학교,초등학교,서울특별시 서초구 잠원로3길 28 (잠원동.반원초등학교),37.51002963,127.0040536,서초구
서울압구정초등학교,초등학교,서울특별시 강남구 압구정로39길 29 (압구정동.압구정초등학교),37.53137101,127.0308441,강남구
동북초등학교,초등학교,서울특별시 도봉구 시루봉로 53 (쌍문동),37.65500731,127.0262313,도봉구
서울충무초등학교,초등학교,서울특별시 중구 퇴계로50길 13 (장충동2가. 충무초등학교),37.5618487,127.0018595,중구
서울녹천초등학교,초등학교,서울특별시 노원구 마들로3길 34 . 서울녹천초등학교 (월계동),37.62864668,127.0634191,노원구
서울위례별초등학교,초등학교,서울특별시 송파구 위례광장로 243 장지동. 서울위례별초등학교,37.47881416,127.1450416,송파구
서울중흥초등학교,초등학교,서울특별시 중랑구 봉화산로 82 . 서울중흥초등학교 (중화동),37.6015751,127.0842006,중랑구
서울장곡초등학교,초등학교,서울특별시 성북구 장월로23길 16 (장위동.서울장곡초등학교),37.61664678,127.0482202,성북구
서울문백초등학교,초등학교,서울특별시 금천구 시흥대로47길 43-1 (시흥동. 문백초등학교),37.44709025,126.8992804,금천구
서울도성초등학교,초등학교,서울특별시 강남구 역삼로 313 (역삼동.도성초등학교),37.500908,127.0491834,강남구
서울은빛초등학교,초등학교,서울특별시 은평구 진관3로 73-17 (진관동),37.64249339,126.9191401,은평구
서울장위초등학교,초등학교,서울특별시 성북구 장월로8가길 41 (장위동.서울장위초등학교),37.61212683,127.0498993,성북구
서울강일초등학교,초등학교,서울특별시 강동구 아리수로98길 24 . 서울강일초등학교 (강일동),37.56501397,127.1772858,강동구
서울양남초등학교,초등학교,서울특별시 광진구 뚝섬로64길 71 . (자양동. 서울양남초등학교),37.53107315,127.0896606,광진구
서울문창초등학교,초등학교,서울특별시 동작구 신대방2길 14 (신대방동.서울문창초등학교),37.48879881,126.9136647,동작구
서울노일초등학교,초등학교,서울특별시 노원구 동일로 1625 (상계동.노일초등학교),37.67323923,127.0547828,노원구
서울경수초등학교,초등학교,서울특별시 성동구 뚝섬로13길 22 (성수동2가.경수초등학교),37.54035344,127.0583318,성동구
서울명덕초등학교,초등학교,서울특별시 강동구 양재대로156길 11 . 서울명덕초등학교 (고덕동),37.55689629,127.1460078,강동구
서울대림초등학교,초등학교,서울특별시 동작구 대방동1길 22 (대방동),37.5006148,126.925733,동작구
서울상지초등학교,초등학교,서울특별시 마포구 월드컵로42길 30 . 서울상지초등학교 (상암동),37.57960197,126.8821351,마포구
서울양전초등학교,초등학교,서울특별시 강남구 개포로 513 . 서울양전초등학교 (개포동),37.49047397,127.0700626,강남구
서울경동초등학교,초등학교,서울특별시 성동구 성수일로 34 (성수동1가.경동초등학교),37.54304168,127.0504709,성동구
서울신명초등학교,초등학교,서울특별시 강동구 명일로24길 33 . 서울신명초등학교 (길동),37.54103994,127.1495915,강동구
서울성자초등학교,초등학교,서울특별시 광진구 뚝섬로56길 7 . 서울성자초등학교 (자양동),37.53117606,127.083145,광진구
상명초등학교,초등학교,서울특별시 노원구 덕릉로 541 . 상명초등학교 (중계동),37.64839699,127.0675498,노원구
서울토성초등학교,초등학교,서울특별시 송파구 풍성로20길 44 . 서울토성초등학교 (풍납동),37.53164751,127.1151401,송파구
서울신대림초등학교,초등학교,서울특별시 영등포구 대림로8길 25 (대림동),37.49192403,126.9058543,영등포구
서울매동초등학교,초등학교,서울특별시 종로구 사직로9길 19 . 서울매동초등학교 (필운동),37.57731605,126.9667696,종로구
서울영남초등학교,초등학교,서울특별시 금천구 문성로 62-15 (독산동),37.47568056,126.9094339,금천구
서울광장초등학교,초등학교,서울특별시 광진구 광장로1길 27 . 서울광장초등학교 (광장동),37.54832225,127.1013357,광진구
서울연은초등학교,초등학교,서울특별시 은평구 백련산로2길 35 . 서울연은초등학교 (응암동),37.59040776,126.9251778,은평구
서울신정초등학교,초등학교,서울특별시 강서구 곰달래로31가길 27 (화곡동),37.53274382,126.852547,강서구
서울우면초등학교,초등학교,서울특별시 서초구 태봉로 59,37.46434739,127.0237894,서초구
서울재동초등학교,초등학교,서울특별시 종로구 북촌로4길 7 . 서울재동초등학교 (가회동),37.57992482,126.9855602,종로구
서울매봉초등학교,초등학교,서울특별시 구로구 고척로21길 55 . 서울매봉초등학교 (개봉동),37.50450266,126.8444876,구로구
서울등원초등학교,초등학교,서울특별시 강서구 화곡로65길 90 . 서울등원초등학교 (등촌동),37.56050463,126.8498341,강서구
서울중랑초등학교,초등학교,서울특별시 중랑구 봉우재로6길 26 (면목동.중랑초등학교),37.5891883,127.0757847,중랑구
서울신기초등학교,초등학교,서울특별시 양천구 신정로 292 (신정동.서울신기초등학교),37.5113683,126.8543083,양천구
서울노량진초등학교,초등학교,서울특별시 동작구 장승배기로 160 (노량진동),37.51115855,126.9410107,동작구
서울세검정초등학교,초등학교,서울특별시 종로구 세검정로9길 1 (신영동.서울세검정초등학교),37.60317127,126.9609387,종로구
서울성북초등학교,초등학교,서울특별시 성북구 성북로 102-10 (성북동.서울성북초등학교),37.59391791,126.99827,성북구
서울대조초등학교,초등학교,서울특별시 은평구 연서로18길 17 (대조동),37.61287676,126.9195884,은평구
서울선사초등학교,초등학교,서울특별시 강동구 올림픽로 837 . 서울선사초등학교 (암사동. 서울선사초등학교),37.55601842,127.1287926,강동구
세종초등학교,초등학교,서울특별시 광진구 군자로 114 (군자동. 세종초등학교),37.55288743,127.0733106,광진구
서울우솔초등학교,초등학교,서울특별시 서초구 양재대로2길 74 . 서울우솔초등학교 (우면동),37.45709258,127.0193128,서초구
서울한강초등학교,초등학교,서울특별시 용산구 한강대로14길 9 (한강로3가. 한강초등학교),37.52522655,126.965079,용산구
서울공연초등학교,초등학교,서울특별시 노원구 동일로192가길 16 (공릉동.서울공연초등학교),37.62704561,127.0744063,노원구
추계초등학교,초등학교,서울특별시 서대문구 북아현로11가길 7 (북아현동.추계초등학교),37.56373909,126.9530768,서대문구
서울장월초등학교,초등학교,서울특별시 성북구 한천로101길 66 (장위동. 서울장월초등학교),37.62218043,127.0471628,성북구
서울신도초등학교,초등학교,서울특별시 은평구 진관1로 77-23 . 서울신도초등학교 (진관동),37.63296389,126.9293181,은평구
서울천호초등학교,초등학교,서울특별시 강동구 구천면로 310-11 (천호동.서울천호초등학교),37.54740529,127.1364524,강동구
서울교동초등학교,초등학교,서울특별시 종로구 삼일대로 446 (경운동),37.57468265,126.9877817,종로구
서울수락초등학교,초등학교,서울특별시 노원구 동일로 1745 (상계동.서울수락초등학교),37.68429385,127.0542211,노원구
서울등양초등학교,초등학교,서울특별시 강서구 강서로56나길 140 . 등양초등학교 (등촌동.등양초등학교),37.56479579,126.844666,강서구
서울창신초등학교,초등학교,서울특별시 종로구 지봉로 73 . 서울창신초등학교 (창신동),37.57598005,127.0142837,종로구
서울성내초등학교,초등학교,서울특별시 강동구 성내로3길 19 (성내동. 서울성내초등학교),37.53124788,127.1224654,강동구
성동초등학교,초등학교,서울특별시 광진구 자양로4길 63 (자양동),37.53317929,127.0895339,광진구
서울당곡초등학교,초등학교,서울특별시 관악구 보라매로2길 23 . 23 (봉천동.당곡초등학교),37.49000006,126.9299853,관악구
서울월곡초등학교,초등학교,서울특별시 성북구 장월로3길 42 (장위동.서울월곡초등학교),37.6098232,127.0464227,성북구
서울신사초등학교,초등학교,서울특별시 은평구 가좌로 275-2 . 서울신사초등학교 (신사동),37.5928019,126.9123036,은평구
서울영문초등학교,초등학교,서울특별시 영등포구 문래로 56 . 서울영문초등학교 (문래동6가),37.51968192,126.8876868,영등포구
서울강빛초등학교,초등학교,서울특별시 강동구 아리수로93다길 1 (강일동. 강빛초중통합학교),37.57432025,127.1710463,강동구
서울영일초등학교,초등학교,서울특별시 구로구 남부순환로105길 218 . 서울영일초등학교 (가리봉동),37.48519096,126.8837685,구로구
대광초등학교,초등학교,서울특별시 성북구 안암로 5 (보문동7가.대광초등학교),37.57907463,127.0236047,성북구
서울치현초등학교,초등학교,서울특별시 강서구 방화대로47길 43 서울치현초등학교,37.57562193,126.8145715,강서구
서울염창초등학교,초등학교,서울특별시 강서구 양천로 646-28 (염창동. 염창초등학교),37.5529516,126.8680558,강서구
서울마포초등학교,초등학교,서울특별시 마포구 도화2길 64 . 서울 마포초등학교 (도화동),37.53877757,126.9496417,마포구
서울녹번초등학교,초등학교,서울특별시 은평구 녹번로1길 1 (녹번동. 서울녹번초등학교),37.60413521,126.9262845,은평구
서울창서초등학교,초등학교,서울특별시 서대문구 연세로5나길 30-3 (창천동. 서울창서초등학교),37.55761215,126.9339648,서대문구
서울망원초등학교,초등학교,서울특별시 마포구 방울내로5길 28 (망원동.망원초등학교),37.56070749,126.9010709,마포구
서울갈현초등학교,초등학교,서울특별시 은평구 연서로29길 31 . 갈현초등학교 (갈현동),37.61925867,126.9167089,은평구
서울수리초등학교,초등학교,서울특별시 은평구 불광로14길 10-10 (불광동),37.62029538,126.9341783,은평구
서울중동초등학교,초등학교,서울특별시 마포구 월드컵북로 152 (성산동),37.56662306,126.9113446,마포구
서울강명초등학교,초등학교,서울특별시 강동구 상일로 74-1 (상일동),37.55455158,127.1733624,강동구
서울흥인초등학교,초등학교,서울특별시 중구 청구로6길 11 (신당동.흥인초등학교),37.56066057,127.0144421,중구
서울은명초등학교,초등학교,서울특별시 은평구 은평로4길 21-9 . 서울은명초등학교 (응암동),37.59769681,126.9184564,은평구
서울휘봉초등학교,초등학교,서울특별시 동대문구 장안벚꽃로 309 (휘경동.서울휘봉초등학교),37.58609494,127.0701251,동대문구
서울행당초등학교,초등학교,서울특별시 성동구 고산자로8길 6 . 서울행당초등학교 (행당동),37.55659684,127.034673,성동구
서울동자초등학교,초등학교,서울특별시 광진구 뚝섬로 561 (자양동),37.53458883,127.0725796,광진구
서울역촌초등학교,초등학교,서울특별시 은평구 은평로3길 25 . 서울역촌초등학교 (역촌동.서울역촌초등학교),37.60168154,126.914372,은평구
서울조원초등학교,초등학교,서울특별시 관악구 조원로 67 (신림동),37.48417783,126.909581,관악구
서울원신초등학교,초등학교,서울특별시 관악구 광신길 177 . 원신초등학교 (신림동),37.46694889,126.9273104,관악구
서울선린초등학교,초등학교,서울특별시 강동구 진황도로61길 29 . 서울선린초등학교 (둔촌동),37.52964096,127.1459128,강동구
서울번동초등학교,초등학교,서울특별시 강북구 오현로 204 (번동.번동초등학교),37.62900012,127.0407474,강북구
서울문래초등학교,초등학교,서울특별시 영등포구 문래로 104 (문래동3가. 문래초등학교),37.51866451,126.8932886,영등포구
영훈초등학교,초등학교,서울특별시 강북구 도봉로13가길 19 . 영훈학교 (미아동),37.61320741,127.0278071,강북구
서울신봉초등학교,초등학교,서울특별시 관악구 양녕로6나길 1 (봉천동),37.48529595,126.9491081,관악구
서울용답초등학교,초등학교,서울특별시 성동구 용답25길 1 (용답동. 용답초등학교),37.56073011,127.0535393,성동구
서울고원초등학교,초등학교,서울특별시 구로구 경인로46길 13 (고척동. 서울고원초등학교),37.49747061,126.865676,구로구
서울성일초등학교,초등학교,서울특별시 강동구 성내로15길 33 . 서울성일초등학교 (성내동),37.52911527,127.1283576,강동구
서울중마초등학교,초등학교,서울특별시 광진구 동일로72길 43 (중곡동. 서울중마초등학교),37.56590051,127.0797413,광진구
서울상도초등학교,초등학교,서울특별시 동작구 성대로21길 62 (상도동.상도초등학교),37.49995159,126.9372288,동작구
서울당현초등학교,초등학교,서울특별시 노원구 동일로213길 52 . 서울당현초등학교 (상계동),37.64863395,127.0583817,노원구
서울상일초등학교,초등학교,서울특별시 강동구 천호대로 1477 (상일동),37.54714083,127.1723329,강동구
서울삼성초등학교,초등학교,서울특별시 관악구 대학7길 52 (신림동),37.46790699,126.9410205,관악구
서울휘경초등학교,초등학교,서울특별시 동대문구 망우로6길 48 (휘경동. 서울휘경초등학교),37.58573583,127.0581216,동대문구
서울언남초등학교,초등학교,서울특별시 서초구 헌릉로8길 42 (내곡동),37.45391848,127.0614475,서초구
서울신암초등학교,초등학교,서울특별시 강동구 올림픽로93길 33-16 . 서울신암초등학교 (암사동),37.5492998,127.1243019,강동구
서울남명초등학교,초등학교,서울특별시 양천구 중앙로23길 3 (신정동.서울남명초등학교),37.5152537,126.8539776,양천구
서울오정초등학교,초등학교,서울특별시 구로구 경인로2길 10 . 서울오정초등학교 (오류동),37.48973575,126.8263073,구로구
서울고명초등학교,초등학교,서울특별시 강동구 고덕로46길 53 . 서울고명초등학교 (명일동),37.55303605,127.1469046,강동구
경복초등학교,초등학교,서울특별시 광진구 천호대로130길 58 . 경복초등학교 (능동),37.54982961,127.0868108,광진구
태강삼육초등학교,초등학교,서울특별시 노원구 화랑로 815 . 태강삼육초등학교 (공릉동),37.64093107,127.1097981,노원구
서울구산초등학교,초등학교,서울특별시 은평구 서오릉로15길 16 (구산동.서울구산초등학교),37.61237792,126.9094521,은평구
서울구의초등학교,초등학교,서울특별시 광진구 광나루로30길 49 . 서울구의초등학교 (화양동),37.54300899,127.0807327,광진구
서울전동초등학교,초등학교,서울특별시 동대문구 전농로16길 61 . 서울전동초등학교 (전농동),37.57936573,127.061479,동대문구
서울신구로초등학교,초등학교,서울특별시 구로구 가마산로27길 69 (구로동.서울신구로초등학교),37.49937741,126.8892874,구로구
서울강솔초등학교,초등학교,서울특별시 강동구 고덕로97길 80 . 서울강솔초등학교 (강일동),37.56198707,127.1806458,강동구
서울정목초등학교,초등학교,서울특별시 양천구 목동중앙로3길 30-10 (목동.서울정목초등학교),37.53712155,126.870245,양천구
서울금호초등학교,초등학교,서울특별시 성동구 무수막길 69 . 서울금호초등학교 (금호동2가),37.55259823,127.0199193,성동구
서울일원초등학교,초등학교,서울특별시 강남구 영동대로4길 20 (일원동.일원초등학교),37.48947305,127.0763669,강남구
서울묘곡초등학교,초등학교,서울특별시 강동구 동남로79길 46 (고덕동),37.55834131,127.1533139,강동구
서울천일초등학교,초등학교,서울특별시 강동구 구천면로 266 . 서울천일초등학교 (천호동),37.54407164,127.1331024,강동구
우촌초등학교,초등학교,서울특별시 성북구 성북로4길 52-1 (돈암동.우촌초등학교),37.59560791,127.0114325,성북구
서울금북초등학교,초등학교,서울특별시 성동구 행당로1길 13 . 서울금북초등학교 (금호동1가),37.55709198,127.0235067,성동구
서울명일초등학교,초등학교,서울특별시 강동구 고덕로38길 8 (암사동. 서울명일초등학교),37.55446222,127.1420935,강동구
서울창동초등학교,초등학교,서울특별시 도봉구 해등로16길 81 (창동),37.65512011,127.0447617,도봉구
서울연광초등학교,초등학교,서울특별시 은평구 연서로35길 37 (불광동. 연광초등학교),37.62400172,126.9244269,은평구
서울강동초등학교,초등학교,서울특별시 강동구 상암로14길 77 (천호동.서울강동초등학교),37.54590977,127.1299696,강동구
서울어울초등학교,초등학교,서울특별시 은평구 통일로 650 . 서울어울초등학교 (녹번동),37.60636007,126.9350984,은평구
서울영등포초등학교,초등학교,서울특별시 영등포구 경인로 756 (문래동1가),37.51287942,126.898215,영등포구
서울아현초등학교,초등학교,서울특별시 마포구 굴레방로 6 (아현동),37.55542287,126.9565385,마포구
서울명원초등학교,초등학교,서울특별시 강동구 명일로 364 . 서울명원초등학교 (명일동),37.55093358,127.1504189,강동구
서울금나래초등학교,초등학교,서울특별시 금천구 시흥대로79길 37 (독산동.서울금나래초등학교),37.45807082,126.8962417,금천구
서울가인초등학교,초등학교,서울특별시 도봉구 도봉로136다길 4 (창동.가인초등학교),37.65985099,127.0432681,도봉구
서울고은초등학교,초등학교,서울특별시 서대문구 모래내로 441 (홍제동. 서울고은초등학교),37.58477023,126.9434152,서대문구
서울석관초등학교,초등학교,서울특별시 성북구 돌곶이로22길 21 . 서울석관초등학교 (석관동.서울석관초등학교),37.61088587,127.0587469,성북구
서울등서초등학교,초등학교,서울특별시 강서구 화곡로58길 86 (화곡동.등서초등학교),37.55161611,126.8549719,강서구
서울상천초등학교,초등학교,서울특별시 노원구 덕릉로 443 . 서울상천초등학교 (상계동),37.64598135,127.0578888,노원구
서울고덕초등학교,초등학교,서울특별시 강동구 아리수로82길 42 . 고덕초등학교 (고덕동),37.56073087,127.1665805,강동구
서울등마초등학교,초등학교,서울특별시 강서구 등촌로35길 12 (등촌동.서울등마초등학교),37.54199063,126.8617624,강서구
서울등촌초등학교,초등학교,서울특별시 강서구 등촌로39길 71 (등촌동.등촌초등학교),37.54756456,126.8583713,강서구
서울양목초등학교,초등학교,서울특별시 양천구 목동로11길 30 (신정동. 서울양목초등학교),37.52375478,126.8616964,양천구
한신초등학교,초등학교,서울특별시 도봉구 노해로49길 69 (쌍문동.한신초등학교),37.65314239,127.0327077,도봉구
서울우신초등학교,초등학교,서울특별시 영등포구 신길로 190 (신길동.우신초등학교),37.50942729,126.911785,영등포구
서울양재초등학교,초등학교,서울특별시 서초구 바우뫼로18길 14 (양재동.양재초등학교),37.47381019,127.0318861,서초구
서울정심초등학교,초등학교,서울특별시 금천구 독산로78다길 89 . 정심초등학교 (독산동),37.47155648,126.9083606,금천구
서울세명초등학교,초등학교,서울특별시 강남구 자곡로 55 . 서울세명초등학교 (세곡동),37.46877216,127.0912257,강남구
서울이문초등학교,초등학교,서울특별시 동대문구 신이문로 16 (이문동. 서울이문초등학교),37.60219787,127.0643592,동대문구
서울청운초등학교,초등학교,서울특별시 종로구 자하문로 105 . 청운초등학교 (청운동),37.58563254,126.9692423,종로구
서울돈암초등학교,초등학교,서울특별시 성북구 동소문로13길 38 (동소문동6가.서울돈암초등학교),37.59371444,127.0126789,성북구
서울천동초등학교,초등학교,서울특별시 강동구 성안로 200 . 서울천동초등학교 (길동),37.54058516,127.1375686,강동구
서울월천초등학교,초등학교,서울특별시 도봉구 노해로70길 96 (창동.서울월천초등학교),37.64795721,127.0519155,도봉구
서울양원숲초등학교,초등학교,서울특별시 중랑구 양원역로 95 (망우동. 서울양원숲초등학교),37.60908501,127.1051943,중랑구
서울가락초등학교,초등학교,서울특별시 송파구 송파대로37길 45 (가락동. 가락초등학교),37.49989836,127.1076425,송파구
서울항동초등학교,초등학교,서울특별시 구로구 연동로 178 (항동),37.47718813,126.8239832,구로구
서울하늘숲초등학교,초등학교,서울특별시 구로구 오리로 1106 . 서울하늘숲초등학교 (천왕동),37.48422849,126.8414178,구로구
서울강덕초등학교,초등학교,서울특별시 강동구 동남로82길 94-54 (고덕동.서울강덕초등학교),37.55893656,127.1607703,강동구
서울응암초등학교,초등학교,서울특별시 은평구 가좌로6길 20 . 서울응암초등학교 (응암동),37.5884279,126.9214593,은평구
서울해누리초등학교,초등학교,서울특별시 송파구 송파대로37길 95 (가락동),37.49812557,127.102087,송파구
서울고일초등학교,초등학교,서울특별시 강동구 구천면로93길 20 . 서울고일초등학교 (상일동),37.55205811,127.1688868,강동구
방산중학교,중학교,서울특별시 송파구 오금로29길 31 (방이동. 방산중학교),37.5090712,127.1217525,송파구
세륜중학교,중학교,서울특별시 송파구 양재대로72길 41 (오금동.세륜중학교),37.50849606,127.1314098,송파구
봉은중학교,중학교,서울특별시 강남구 영동대로128길 59 (삼성동. 봉은중학교),37.51910487,127.0627595,강남구
선유중학교,중학교,서울특별시 영등포구 선유로 213 (양평동3가),37.53284324,126.8943293,영등포구
남서울중학교,중학교,서울특별시 관악구 남부순환로172길 97 . 남서울중학교 (신림동),37.4817951,126.9214593,관악구
원촌중학교,중학교,서울특별시 서초구 사평대로45길 10 (반포동.원촌중학교),37.50588887,127.0140445,서초구
정신여자중학교,중학교,서울특별시 송파구 올림픽로4길 16 . 정신여자중학교 (잠실동),37.50903739,127.0735391,송파구
송례중학교,중학교,서울특별시 송파구 위례순환로 429 (장지동),37.47769454,127.1397415,송파구
오륜중학교,중학교,서울특별시 송파구 양재대로 1242 (방이동.오륜중학교),37.51606548,127.1387635,송파구
남성중학교,중학교,서울특별시 동작구 남부순환로269길 166 (사당동. 남성중학교),37.47868496,126.972489,동작구
중앙중학교,중학교,서울특별시 종로구 창덕궁길 164 중앙중학교 (계동),37.58617083,126.9868579,종로구
목동중학교,중학교,서울특별시 양천구 목동동로 172 (신정동.목동중학교),37.52051562,126.8714631,양천구
상명대학교사범대학부속여자중학교,중학교,서울특별시 종로구 홍지문2길 20 (홍지동),37.60276829,126.9541291,종로구
봉영여자중학교,중학교,서울특별시 양천구 목동동로2길 68 (신정동),37.50896384,126.8613702,양천구
등명중학교,중학교,서울특별시 강서구 공항대로39길 39 (등촌동.등명중학교),37.55987289,126.8432423,강서구
위례솔중학교,중학교,서울특별시 송파구 위례북로 10 . 위례솔중학교 (거여동. 덕수고등학교내),37.48738292,127.1503042,송파구
오주중학교,중학교,서울특별시 송파구 동남로 281 (오금동. 오주중학교),37.50118155,127.1361844,송파구
안천중학교,중학교,서울특별시 금천구 한내로 69-44 (독산동.안천중학교),37.4592075,126.887722,금천구
세화여자중학교,중학교,서울특별시 서초구 신반포로 56-7 (반포동),37.5019828,126.9940399,서초구
인헌중학교,중학교,서울특별시 관악구 인헌9길 35 . 인헌중학교 (봉천동),37.47272193,126.9693968,관악구
성심여자중학교,중학교,서울특별시 용산구 원효로19길 49 . 성심여자중학교 (원효로4가),37.53462316,126.9544511,용산구
태랑중학교,중학교,서울특별시 노원구 화랑로51나길 51 (공릉동. 태랑중학교),37.62663781,127.0915388,노원구
장승중학교,중학교,서울특별시 동작구 장승배기로10가길 25 . 장승중학교 (상도동),37.50352564,126.9406572,동작구
신목중학교,중학교,서울특별시 양천구 목동중앙로 88 (목동.신목중학교),37.53665397,126.872578,양천구
단국대학교사범대학부속중학교,중학교,서울특별시 강남구 도곡로64길 21 . 단국대학교사범대학부속중학교 (대치동1013),37.49620973,127.0559993,강남구
은성중학교,중학교,서울특별시 강남구 남부순환로359길 36 (도곡동. 은광여자고등학교. 은성중학교),37.48768658,127.0360193,강남구
서울대학교사범대학부설여자중학교,중학교,서울특별시 종로구 대학로 64 . 서울대학교사범대학부설여자중학교 (이화동),37.57791267,127.003843,종로구
방이중학교,중학교,서울특별시 송파구 오금로11길 64 (방이동.방이중학교),37.51451109,127.1130206,송파구
중원중학교,중학교,서울특별시 노원구 공릉로 420 (중계동.중원중학교),37.64399166,127.068119,노원구
신관중학교,중학교,서울특별시 관악구 신림로48길 17-16 . (신림동 신관중학교),37.47987613,126.9341664,관악구
휘문중학교,중학교,서울특별시 강남구 역삼로 541 (대치동),37.50547576,127.0619841,강남구
역삼중학교,중학교,서울특별시 강남구 도곡로43길 10 (역삼동.역삼중학교),37.49564471,127.0488444,강남구
항동중학교,중학교,서울특별시 구로구 연동로 239-2 (항동. 항동중학교),37.48272023,126.8203665,구로구
덕산중학교,중학교,서울특별시 은평구 가좌로 400 (신사동),37.60184143,126.9043021,은평구
연신중학교,중학교,서울특별시 은평구 연서로33길 16-32 (연신중학교. 불광동),37.623292,126.9250764,은평구
신원중학교,중학교,서울특별시 양천구 가로공원로55길 19 (신월동.신원중학교),37.53668316,126.8242246,양천구
가락중학교,중학교,서울특별시 송파구 송이로 45 (송파동.가락중학교),37.50221682,127.1183657,송파구
전일중학교,중학교,서울특별시 동대문구 사가정로13길 67 . 전일중학교 (전농동),37.5815753,127.0584078,동대문구
월곡중학교,중학교,서울특별시 성북구 장월로 6 (상월곡동.월곡중학교),37.60671251,127.0481681,성북구
창일중학교,중학교,서울특별시 도봉구 노해로66길 60 (창동.창일중학교),37.64860391,127.0468901,도봉구
송파중학교,중학교,서울특별시 송파구 동남로 203 (가락동. 송파중학교),37.49563672,127.1299138,송파구
장평중학교,중학교,서울특별시 동대문구 답십리로72길 158 . 장평중학교 (장안동),37.56628351,127.0705294,동대문구
개봉중학교,중학교,서울특별시 구로구 고척로21나길 68 (개봉동),37.50259502,126.8419589,구로구
금옥중학교,중학교,서울특별시 양천구 신정로 213 . 금옥중학교 (신정동),37.51073114,126.8447953,양천구
사당중학교,중학교,서울특별시 동작구 사당로9가길 58 . 사당중학교 (사당동),37.4875706,126.9689369,동작구
고척중학교,중학교,서울특별시 구로구 중앙로3길 20 . 고척중학교 (고척동),37.50011845,126.861981,구로구
화원중학교,중학교,서울특별시 강서구 강서로17나길 86 (화곡동.화원중학교),37.53669195,126.8424164,강서구
하계중학교,중학교,서울특별시 노원구 노원로 261-8 (하계동),37.64086819,127.0716038,노원구
서울대학교사범대학부설중학교,중학교,서울특별시 성북구 월곡로 36 (종암동),37.59515096,127.0388473,성북구
영파여자중학교,중학교,서울특별시 송파구 올림픽로 565 . 영파여자중학교 (풍납동),37.53312327,127.1204382,송파구
청원중학교,중학교,서울특별시 노원구 한글비석로 506 . 청원중학교 (상계동.청원초/중/고등학교),37.66670084,127.061741,노원구
한천중학교,중학교,서울특별시 노원구 공릉로 265 . 한천중학교 (공릉동),37.63124532,127.0724683,노원구
동작중학교,중학교,서울특별시 동작구 동작대로39가길 83 (동작동),37.49510026,126.9773009,동작구
서문여자중학교,중학교,서울특별시 서초구 동광로12길 84 (방배동),37.48879406,126.9845622,서초구
경원중학교,중학교,서울특별시 서초구 신반포로33길 39 (잠원동.경원중학교),37.51106332,127.0093138,서초구
문창중학교,중학교,서울특별시 동작구 여의대방로22나길 40 (신대방동),37.49580287,126.9217729,동작구
홍은중학교,중학교,서울특별시 서대문구 연희로41길 94 (홍은동),37.59231525,126.9353346,서대문구
국사봉중학교,중학교,서울특별시 동작구 양녕로20길 20 . 국사봉중학교 (상도동),37.49373443,126.9450235,동작구
강남중학교,중학교,서울특별시 동작구 대방동15길 29 (대방동. 강남중학교),37.50246154,126.9224055,동작구
동도중학교,중학교,서울특별시 마포구 백범로 139 동도중학교,37.54646521,126.9468228,마포구
강현중학교,중학교,서울특별시 동작구 상도로13라길 22 . 강현중학교 (상도동),37.50307213,126.9311,동작구
압구정중학교,중학교,서울특별시 강남구 압구정로 225 . 압구정중학교 (압구정동.압구정중학교),37.52983754,127.0329599,강남구
석촌중학교,중학교,서울특별시 송파구 송이로15길 13 (가락동),37.50074981,127.1213104,송파구
동덕여자중학교,중학교,서울특별시 서초구 효령로2길 123-5 . 동덕여자중고등학교 (방배동),37.47602586,126.9915008,서초구
언북중학교,중학교,서울특별시 강남구 도산대로38길 27 (논현동.언북중학교),37.51912039,127.0332284,강남구
성수중학교,중학교,서울특별시 성동구 서울숲길 18 (성수동1가. 성수중.고등학교),37.5482006,127.0383249,성동구
광신중학교,중학교,서울특별시 관악구 광신길 141 . 광신중학교 (신림동),37.46514106,126.9250905,관악구
숙명여자중학교,중학교,서울특별시 강남구 남부순환로 2807 . 숙명여자중학교(도곡동),37.49105985,127.05167,강남구
잠실중학교,중학교,서울특별시 송파구 올림픽로35길 130 (신천동),37.51733281,127.0993332,송파구
서운중학교,중학교,서울특별시 서초구 서운로 115 (서초동.서운중학교),37.49375946,127.0247303,서초구
홍익대학교사범대학부속여자중학교,중학교,서울특별시 마포구 성미산로 51 . 홍익대학교사범대학부속여자중학교 (성산동),37.56013585,126.9136761,마포구
정화여자중학교,중학교,서울특별시 동대문구 홍릉로15길 50 (제기동),37.58570641,127.0410078,동대문구
신도림중학교,중학교,서울특별시 구로구 경인로63길 74 . 신도림중학교 (신도림동),37.5104579,126.8854304,구로구
휘경여자중학교,중학교,서울특별시 동대문구 한천로 247 휘경여자중학교,37.58238274,127.0675665,동대문구
봉원중학교,중학교,서울특별시 관악구 관악로24가길 15 . 봉원중학교 (봉천동.봉원중학교),37.48424624,126.958231,관악구
문일중학교,중학교,서울특별시 금천구 시흥대로47길 45 . 문일중학교 (시흥동),37.45003576,126.8990257,금천구
신림중학교,중학교,서울특별시 관악구 신림로 40 (신림동.신림중학교),37.47048647,126.9448925,관악구
동국대학교사범대학부속중학교,중학교,서울특별시 동대문구 장안벚꽃로 201 (장안동),37.57794872,127.0751705,동대문구
전동중학교,중학교,서울특별시 동대문구 장안벚꽃로 291 (휘경동.전동중학교),37.58536429,127.0711298,동대문구
신구중학교,중학교,서울특별시 강남구 압구정로36길 17 (신사동.신구중학교),37.52700477,127.0322082,강남구
무학중학교,중학교,서울특별시 성동구 행당로 120 (행당동),37.5577138,127.0322073,성동구
등촌중학교,중학교,서울특별시 강서구 공항대로 484-12 (등촌동.등촌중학교),37.5519498,126.8597979,강서구
봉화중학교,중학교,서울특별시 중랑구 망우로70길 89 (망우동.봉화중학교),37.59649005,127.1039153,중랑구
관악중학교,중학교,서울특별시 관악구 남부순환로237길 60 . 관악중학교 (봉천동),37.48043661,126.9618525,관악구
상원중학교,중학교,서울특별시 노원구 수락산로 182 (상계동),37.67154355,127.0595044,노원구
우신중학교,중학교,서울특별시 구로구 부일로 917 . 우신중학교 (궁동),37.49596744,126.8267178,구로구
전농중학교,중학교,서울특별시 동대문구 사가정로13길 71 (전농동.전농중학교),37.58126561,127.0597057,동대문구
난우중학교,중학교,서울특별시 관악구 난곡로16길 32 . 난우중학교 (신림동),37.46671212,126.9227951,관악구
방원중학교,중학교,서울특별시 강서구 금낭화로 268 . 방원중학교 (방화동.방원중학교),37.57577439,126.8088127,강서구
상계중학교,중학교,서울특별시 노원구 노원로 398 (상계동. 상계중학교),37.65202094,127.0688583,노원구
문현중학교,중학교,서울특별시 송파구 충민로 99 (장지동. 문현중학교),37.4804857,127.1277763,송파구
염창중학교,중학교,서울특별시 강서구 양천로67가길 83 (염창동.염창중학교),37.55361042,126.8719674,강서구
오금중학교,중학교,서울특별시 송파구 오금로35길 20 (오금동.오금중학교),37.50495636,127.1284373,송파구
거원중학교,중학교,서울특별시 송파구 양산로2길 30 (거여동.거원중학교),37.48769975,127.1462266,송파구
이화여자대학교사범대학부속이화·금란중학교,중학교,서울특별시 서대문구 성산로 520 (대신동),37.56264282,126.9442141,서대문구
송정중학교,중학교,서울특별시 강서구 남부순환로 121 (공항동.송정중학교),37.55373155,126.8153475,강서구
덕원중학교,중학교,서울특별시 강서구 강서로45길 91-44 (내발산동),37.54982514,126.8294725,강서구
방학중학교,중학교,서울특별시 도봉구 시루봉로 188 . 방학중학교 (방학동),37.66546957,127.0317439,도봉구
종암중학교,중학교,서울특별시 성북구 종암로5길 80-17 (종암동.종암중학교),37.59296625,127.0323728,성북구
장안중학교,중학교,서울특별시 중랑구 동일로 780 . 장안중학교 (중화동),37.60047297,127.0807253,중랑구
신천중학교,중학교,서울특별시 송파구 백제고분로 11 (잠실동. 신천중학교),37.51601726,127.0784453,송파구
경희여자중학교,중학교,서울특별시 동대문구 경희대로 26 (회기동),37.59448582,127.0510296,동대문구
대성중학교,중학교,서울특별시 은평구 갈현로29길 51-24 . 대성중학교 (갈현동),37.62242855,126.9093902,은평구
영서중학교,중학교,서울특별시 구로구 도림로20길 35 (구로동),37.48898188,126.8944604,구로구
인수중학교,중학교,서울특별시 강북구 인수봉로75길 10 (수유동. 인수중학교),37.64370939,127.010096,강북구
문성중학교,중학교,서울특별시 금천구 독산로102길 78 . 문성중학교 (독산동),37.47557739,126.9087115,금천구
배명중학교,중학교,서울특별시 송파구 삼학사로 11 (삼전동.배명중고등학교),37.49907172,127.0956466,송파구
선덕중학교,중학교,서울특별시 도봉구 시루봉로 53 . 선덕중학교 (쌍문동),37.65620105,127.026702,도봉구
수서중학교,중학교,서울특별시 강남구 광평로59길 57 (수서동.수서중학교),37.49094076,127.1027736,강남구
아주중학교,중학교,서울특별시 송파구 올림픽로4길 69 . 아주중학교 (잠실동),37.50492618,127.0761715,송파구
한양대학교사범대학부속중학교,중학교,서울특별시 성동구 마조로 42 (사근동.한양사대부속중·고등학교),37.56184973,127.0441486,성동구
난곡중학교,중학교,서울특별시 금천구 문성로 67 (독산동),37.47765019,126.9106486,금천구
강일중학교,중학교,서울특별시 강동구 고덕로27길 12 (암사동414-17),37.55523391,127.1382586,강동구
성산중학교,중학교,서울특별시 마포구 성지1길 32-13 (합정동),37.5471627,126.9158985,마포구
동마중학교,중학교,서울특별시 성동구 마조로11길 18 (마장동),37.56240816,127.0400026,성동구
을지중학교,중학교,서울특별시 노원구 덕릉로 580 (중계동),37.64989011,127.0718351,노원구
용곡중학교,중학교,서울특별시 광진구 용마산로22길 76 (중곡동. 용곡중학교),37.56576406,127.0887181,광진구
미양중학교,중학교,서울특별시 강북구 인수봉로 39 (미아동.미양중.고등학교),37.62333504,127.0125138,강북구
옥정중학교,중학교,서울특별시 성동구 한림말길 11 . 옥정중학교 (옥수동),37.54153096,127.0124385,성동구
숭곡중학교,중학교,서울특별시 성북구 종암로 208 . 숭곡중학교 (하월곡동),37.60834499,127.0314837,성북구
대경중학교,중학교,서울특별시 중구 매봉18길 111 (신당동),37.55640804,127.0170862,중구
배문중학교,중학교,서울특별시 용산구 효창원로 258 . 배문중학교 (서계동),37.54989836,126.9638875,용산구
광양중학교,중학교,서울특별시 광진구 자양로3길 7 (자양동),37.53019592,127.0859539,광진구
문래중학교,중학교,서울특별시 영등포구 선유서로13길 6 (문래동6가.문래중학교),37.52021484,126.8842481,영등포구
상도중학교,중학교,서울특별시 동작구 사당로2가길 72 . 상도중학교 (사당동),37.49037591,126.9616003,동작구
월계중학교,중학교,서울특별시 노원구 월계로45가길 54 (월계동),37.63040483,127.0520528,노원구
문정중학교,중학교,서울특별시 송파구 문정로 73 (문정동. 문정중학교),37.48820001,127.1296588,송파구
서라벌중학교,중학교,서울특별시 강북구 삼양로155길 37-9 . 서라벌중학교 (우이동),37.6566057,127.0106736,강북구
신현중학교,중학교,서울특별시 중랑구 봉화산로 162 . 신현중학교 (상봉동),37.60441346,127.0917351,중랑구
구로중학교,중학교,서울특별시 구로구 구로중앙로 48 (구로동),37.49424575,126.8907427,구로구
이수중학교,중학교,서울특별시 서초구 방배중앙로3길 32 (방배동. 이수중학교),37.48083668,126.990419,서초구
상명중학교,중학교,서울특별시 노원구 덕릉로 553 (중계동.상명중학교),37.6490592,127.0679669,노원구
오류중학교,중학교,서울특별시 구로구 고척로27바길 19 (고척동),37.50760048,126.8461243,구로구
대명중학교,중학교,서울특별시 강남구 역삼로87길 26 . 서울대명중학교 (대치동. 대명중학교),37.50605865,127.061073,강남구
신월중학교,중학교,서울특별시 양천구 남부순환로29길 25 . 신월중학교 (신월동),37.54065764,126.8290847,양천구
동양중학교,중학교,서울특별시 동작구 흑석로9길 94 . 동양중학교  (흑석동),37.50981752,126.956867,동작구
북악중학교,중학교,서울특별시 성북구 정릉로12길 41 (정릉동.북악중학교),37.60661327,127.001939,성북구
영원중학교,중학교,서울특별시 영등포구 영등포로62길 31 (영등포동.영원중학교),37.5156512,126.9140628,영등포구
중앙대학교사범대학부속중학교,중학교,서울특별시 동작구 서달로 124 (흑석동),37.50442443,126.9615341,동작구
한강중학교,중학교,서울특별시 용산구 녹사평대로 73 (서빙고동),37.52423618,126.9920214,용산구
신남중학교,중학교,서울특별시 양천구 중앙로29길 109 (신월동.신남중학교),37.52044085,126.8478926,양천구
강북중학교,중학교,서울특별시 강북구 한천로150길 67 (수유동. 강북중학교),37.64488556,127.0260104,강북구
가원중학교,중학교,서울특별시 송파구 중대로10길 40-18 (가락동.가원중학교),37.49078127,127.1228736,송파구
행당중학교,중학교,서울특별시 성동구 왕십리로 189 (행당동.행당중학교),37.55425983,127.0423679,성동구
신일중학교,중학교,서울특별시 강북구 솔매로49길 20 (미아동.신일중고등학교),37.62801769,127.0284273,강북구
경인중학교,중학교,서울특별시 구로구 경인로 301 . 경인중학교  (개봉동. 경인중학교),37.49799611,126.8544858,구로구
홍익대학교사범대학부속중학교,중학교,서울특별시 성북구 성북로14가길 23 . 홍익대학교사범대학부속중학교 (성북동.홍익대학교부속중고등학교),37.59382476,127.0027003,성북구
신수중학교,중학교,서울특별시 마포구 신수로 49 . 신수중학교 (신수동),37.5461194,126.9336333,마포구
언주중학교,중학교,서울특별시 강남구 선릉로116길 57 . 언주중학교,37.51440587,127.0469009,강남구
남강중학교,중학교,서울특별시 관악구 난곡로34길 80 (신림동.남강중고등학교),37.47141545,126.9246992,관악구
중평중학교,중학교,서울특별시 노원구 동일로203길 87 (하계동.중평중학교),37.63680137,127.0623933,노원구
명덕여자중학교,중학교,서울특별시 강서구 강서로47길 34-10 (내발산동),37.55350171,126.834718,강서구
원묵중학교,중학교,서울특별시 중랑구 신내로23길 57 . 원묵중학교 (묵동),37.61777209,127.0844532,중랑구
구암중학교,중학교,서울특별시 관악구 성현로 53 (봉천동),37.49277532,126.9481826,관악구
경희중학교,중학교,서울특별시 동대문구 경희대로 26 . 경희중학교 (회기동),37.59440815,127.0549053,동대문구
덕성여자중학교,중학교,서울특별시 종로구 율곡로3길 49 (송현동),37.57796988,126.9819235,종로구
창북중학교,중학교,서울특별시 도봉구 노해로62길 33 (창동.창북중학교),37.64963844,127.0384388,도봉구
서초중학교,중학교,서울특별시 서초구 반포대로13길 48 (서초동.서초중학교),37.48532378,127.0086363,서초구
한성여자중학교,중학교,서울특별시 성북구 삼선교로16길 118 . 한성여자중학교 (삼선동2가),37.58196256,127.0116438,성북구
양정중학교,중학교,서울특별시 양천구 안양천로 1039 (목동. 양정고등학교),37.53538402,126.8868813,양천구
방화중학교,중학교,서울특별시 강서구 개화동로27길 9 (방화동),37.56502146,126.8067294,강서구
영란여자중학교,중학교,서울특별시 중랑구 망우로73길 56 (망우동),37.60358601,127.1044977,중랑구
당산서중학교,중학교,서울특별시 영등포구 당산로41길 12 (당산동5가.당산서중학교),37.53206075,126.8986052,영등포구
강신중학교,중학교,서울특별시 양천구 남부순환로 604 (신월동.강신중학교),37.51470231,126.8389523,양천구
번동중학교,중학교,서울특별시 강북구 오현로35길 87 (번동.번동중학교),37.63220051,127.0367082,강북구
가산중학교,중학교,서울특별시 금천구 시흥대로115길 48 (독산동),37.46837407,126.8943615,금천구
삼각산중학교,중학교,서울특별시 강북구 삼양로19길 141 . 삼각산중학교 (미아동),37.61592288,127.0155274,강북구
동명여자중학교,중학교,서울특별시 서대문구 독립문로 49 (천연동),37.56852347,126.9623079,서대문구
용산중학교,중학교,서울특별시 용산구 두텁바위로 74 (용산동2가),37.54600281,126.9809763,용산구
양서중학교,중학교,서울특별시 양천구 남부순환로 380 (신월동.양서중학교),37.53289005,126.8294856,양천구
연북중학교,중학교,서울특별시 서대문구 연희로36길 32 (연희동.연북중학교),37.57758095,126.9380078,서대문구
중랑중학교,중학교,서울특별시 중랑구 동일로140길 33 . 중랑중학교 (중화동),37.60505734,127.0814247,중랑구
서일중학교,중학교,서울특별시 서초구 서운로21길 2 (서초동.서일중학교),37.49886081,127.0223402,서초구
대광중학교,중학교,서울특별시 동대문구 안암로 6 (신설동) 대광중학교,37.57851893,127.0248001,동대문구
상봉중학교,중학교,서울특별시 중랑구 상봉중앙로8나길 28 (상봉동),37.60135015,127.0902782,중랑구
반포중학교,중학교,서울특별시 서초구 신반포로 67 (반포동.반포중학교),37.50304393,126.9921528,서초구
장원중학교,중학교,서울특별시 중구 동호로15길 93-34 (신당동),37.55288011,127.0056314,중구
서울문영여자중학교,중학교,서울특별시 관악구 관악로 85 . 서울문영여자중학교 (봉천동),37.47393742,126.9514089,관악구
자양중학교,중학교,서울특별시 광진구 뚝섬로41길 33 (자양동.서울자양중학교),37.53522828,127.0744782,광진구
서울체육중학교,중학교,서울특별시 송파구 강동대로 232 . 서울체육중학교 (방이동),37.52226989,127.130464,송파구
진선여자중학교,중학교,서울특별시 강남구 선릉로85길 27 (역삼동. 진선여자중학교),37.50232303,127.0483723,강남구
충암중학교,중학교,서울특별시 은평구 가좌로5길 5 (응암동),37.58527463,126.9219297,은평구
성재중학교,중학교,서울특별시 강서구 허준로 36 (가양동.성재중학교),37.56938302,126.845729,강서구
광운중학교,중학교,서울특별시 노원구 광운로1길 24 (월계동.광운중학교),37.62054383,127.0559575,노원구
선일여자중학교,중학교,서울특별시 은평구 갈현로29길 27 . 선일여자중학교 (갈현동),37.61970878,126.9129659,은평구
경성중학교,중학교,서울특별시 마포구 성미산로 111 . 경성중학교 (연남동),37.56371775,126.9195317,마포구
청운중학교,중학교,서울특별시 종로구 창의문로 51 (청운동),37.58916985,126.9710959,종로구
개운중학교,중학교,서울특별시 성북구 북악산로 935 (돈암동.개운중학교),37.59470879,127.0249324,성북구
청담중학교,중학교,서울특별시 강남구 압구정로61길 36 (청담동.청담중학교),37.5288535,127.0453566,강남구
천호중학교,중학교,서울특별시 강동구 상암로 153 (천호동),37.54637206,127.1395768,강동구
광장중학교,중학교,서울특별시 광진구 광장로1길 1 . 광장중학교 (광장동),37.54704377,127.1014269,광진구
용문중학교,중학교,서울특별시 성북구 고려대로17가길 46 (안암동2가. 용문중고등학교),37.58837071,127.0244677,성북구
구의중학교,중학교,서울특별시 광진구 광나루로30길 80 (화양동),37.54318858,127.0790768,광진구
천왕중학교,중학교,서울특별시 구로구 천왕로 63 (천왕동. 천왕중학교),37.48254706,126.8375852,구로구
건국대학교사범대학부속중학교,중학교,서울특별시 광진구 자양로 145-1 건국대학교사범대학부속중학교,37.54141919,127.0817966,광진구
보성중학교,중학교,서울특별시 송파구 양재대로 1278 (방이동.보성중고등학교),37.51992884,127.1344526,송파구
광진중학교,중학교,서울특별시 광진구 뚝섬로64길 45 (자양동.광진중학교),37.53178747,127.0896214,광진구
성남중학교,중학교,서울특별시 동작구 대방동길 74 (대방동),37.50468537,126.9270702,동작구
동국대학교사범대학부속여자중학교,중학교,서울특별시 광진구 광나루로36길 47 (구의동.동국대학교사범대학부속여자중고등학교),37.54263066,127.0874025,광진구
신연중학교,중학교,서울특별시 서대문구 모래내로 408 (연희동),37.58312322,126.9400438,서대문구
수명중학교,중학교,서울특별시 강서구 수명로2길 16 (내발산동.수명중학교),37.548913,126.8236662,강서구
명지중학교,중학교,서울특별시 서대문구 명지2길 56 (홍은동),37.58473948,126.9268009,서대문구
경서중학교,중학교,서울특별시 강서구 양천로59길 31 (가양동),37.56115203,126.8585442,강서구
당산중학교,중학교,서울특별시 영등포구 버드나루로 160 (당산동),37.53197276,126.9073587,영등포구
상계제일중학교,중학교,서울특별시 노원구 덕릉로86길 29-15 . 상계제일중학교 (중계동),37.66113509,127.0776401,노원구
숭인중학교,중학교,서울특별시 동대문구 천호대로47길 34 (답십리동. 숭인중학교),37.57378341,127.0440889,동대문구
등원중학교,중학교,서울특별시 강서구 화곡로65길 50 (등촌동.등원중학교),37.55953856,126.8514652,강서구
개원중학교,중학교,서울특별시 강남구 영동대로 101 . 개원중학교 (개포동.개원중학교),37.49134112,127.0713703,강남구
신정여자중학교,중학교,서울특별시 강서구 등촌로13아길 20 신정여자중학교,37.53811563,126.8563979,강서구
삼성중학교,중학교,서울특별시 관악구 신림로3가길 39-24 (신림동.삼성중학교),37.46781312,126.9431996,관악구
언남중학교,중학교,서울특별시 서초구 동산로 55 (양재동.언남중학교),37.47218396,127.0442813,서초구
삼선중학교,중학교,서울특별시 성북구 동소문로3길 69 (동소문동4가.삼선중학교),37.59147451,127.0083108,성북구
고명중학교,중학교,서울특별시 성북구 북악산로 870 (돈암동.고명중학교),37.59770429,127.0195454,성북구
보성여자중학교,중학교,서울특별시 용산구 신흥로3가길 66 (용산동2가),37.5425255,126.9844016,용산구
중계중학교,중학교,서울특별시 노원구 덕릉로76길 23 (중계동),37.65530037,127.0751922,노원구
휘경중학교,중학교,서울특별시 동대문구 망우로18나길 20 (휘경동.휘경중학교),37.58691172,127.0620517,동대문구
삼정중학교,중학교,서울특별시 강서구 금낭화로 210 (방화동.삼정중학교),37.58124027,126.8107463,강서구
신광여자중학교,중학교,서울특별시 용산구 청파로 263 학교법인신광학원 (청파동3가),37.54294601,126.9695896,용산구
한성중학교,중학교,서울특별시 서대문구 북아현로1길 24 (북아현동.한성중학교),37.5598654,126.9552662,서대문구
장위중학교,중학교,서울특별시 성북구 장위로4길 70 (장위동.장위중학교),37.61140301,127.0413533,성북구
환일중학교,중학교,서울특별시 중구 환일길 47 (만리동2가),37.55360775,126.9628071,중구
염광중학교,중학교,서울특별시 노원구 월계로45가길 9 . 01874 (월계동),37.6302165,127.0505302,노원구
잠신중학교,중학교,서울특별시 송파구 잠실로 12 . 잠신중학교 (잠실동),37.51584066,127.087802,송파구
창문여자중학교,중학교,서울특별시 강북구 월계로 61 (송중동. 창문여자중고등학교),37.61326163,127.036282,강북구
덕수중학교,중학교,서울특별시 중구 마른내로9길 10 (인현동2가. 덕수중학교),37.56509311,126.9972317,중구
신동중학교,중학교,서울특별시 서초구 나루터로 27 . 신동중학교 (잠원동.신동중학교),37.51634598,127.0130023,서초구
불암중학교,중학교,서울특별시 노원구 한글비석로5길 45 . 불암중학교 (하계동),37.6456119,127.0737459,노원구
중화중학교,중학교,서울특별시 중랑구 용마산로 364 (면목동.중화중학교),37.58433185,127.0952009,중랑구
숭실중학교,중학교,서울특별시 은평구 은평터널로7길 6 (신사동),37.59297387,126.9047501,은평구
개웅중학교,중학교,서울특별시 구로구 개봉로11길 81 . 개웅중학교 (개봉동.개웅중학교),37.48731462,126.8511971,구로구
진관중학교,중학교,서울특별시 은평구 진관4로 36 (진관동),37.64382555,126.9258041,은평구
은평중학교,중학교,서울특별시 은평구 갈현로17나길 12-1 (구산동),37.61061869,126.9090893,은평구
북서울중학교,중학교,서울특별시 도봉구 도봉로169가길 33 (도봉동),37.68115539,127.0429212,도봉구
배재중학교,중학교,서울특별시 강동구 고덕로 227 (고덕동. 배재중학교),37.55572656,127.1496003,강동구
숭문중학교,중학교,서울특별시 마포구 숭문길 99 (대흥동.숭문중고등학교),37.55157332,126.9451157,마포구
구일중학교,중학교,서울특별시 구로구 구일로 90-133 (구로동),37.49488375,126.8739074,구로구
양강중학교,중학교,서울특별시 양천구 중앙로 319 (신월동),37.52442452,126.849688,양천구
한양중학교,중학교,서울특별시 중구 을지로 299 (신당동),37.56551908,127.0115126,중구
불광중학교,중학교,서울특별시 은평구 불광로 180 . 불광중학교 (불광동),37.62309511,126.9317759,은평구
신서중학교,중학교,서울특별시 양천구 중앙로 206 (신정동.신서중학교),37.51557744,126.8556994,양천구
대영중학교,중학교,서울특별시 영등포구 도림로80가길 14 (신길동. 대영중학교),37.50305107,126.9051045,영등포구
영등포중학교,중학교,서울특별시 동작구 등용로8길 5 . 영등포중학교 (대방동),37.50743697,126.9336911,동작구
보인중학교,중학교,서울특별시 송파구 오금로49길 18 . 보인중학교 (오금동),37.49822713,127.1379951,송파구
창천중학교,중학교,서울특별시 마포구 백범로1길 56 (노고산동),37.55498958,126.9390499,마포구
세일중학교,중학교,서울특별시 금천구 시흥대로147길 34 (독산동),37.47442703,126.8957415,금천구
신도중학교,중학교,서울특별시 은평구 진관1로 77-30 (진관동),37.63281492,126.9307467,은평구
수송중학교,중학교,서울특별시 강북구 한천로122길 21 (번동.수송중학교),37.63663149,127.0336597,강북구
양화중학교,중학교,서울특별시 영등포구 당산로 56 (문래동3가. 양화중학교),37.51957799,126.8963009,영등포구
강동중학교,중학교,서울특별시 강동구 풍산로 237 . 강동중학교 (강일동),37.56946229,127.1779013,강동구
경신중학교,중학교,서울특별시 종로구 혜화로 74 (혜화동.경신중고등학교),37.59096441,127.0013676,종로구
연서중학교,중학교,서울특별시 은평구 증산서길 125-6 (증산동.연서중학교),37.58704446,126.9099349,은평구
예일여자중학교,중학교,서울특별시 은평구 연서로 117 (구산동),37.61045145,126.9160079,은평구
동원중학교,중학교,서울특별시 중랑구 양원역로 32 (망우동. 동원중학교),37.60380725,127.1085528,중랑구
신상중학교,중학교,서울특별시 노원구 동일로216길 42 (상계동.신상중학교),37.6513108,127.0636359,노원구
상경중학교,중학교,서울특별시 노원구 동일로227길 61 (상계동. 상경중학교),37.66665876,127.0535591,노원구
효문중학교,중학교,서울특별시 도봉구 우이천로 432 (쌍문동. 효문중 고등학교),37.65220569,127.0183774,도봉구
석관중학교,중학교,서울특별시 성북구 한천로 526 (석관동.석관중학교),37.607806,127.0663807,성북구
상암중학교,중학교,서울특별시 마포구 상암산로1길 26 (상암동),37.57887835,126.8880122,마포구
상신중학교,중학교,서울특별시 은평구 증산로15길 61 (신사동. 상신중학교),37.59000209,126.9065026,은평구
배화여자중학교,중학교,서울특별시 종로구 필운대로1길 34 배화여자중학교,37.57946741,126.9669334,종로구
혜원여자중학교,중학교,서울특별시 중랑구 봉우재로 58길 39 (망우동),37.59250342,127.0967967,중랑구
구룡중학교,중학교,서울특별시 강남구 선릉로 103 (개포동.구룡중학교),37.48590542,127.0564166,강남구
길음중학교,중학교,서울특별시 성북구 길음로 144 . 길음중학교 (길음동),37.61417475,127.0176711,성북구
방배중학교,중학교,서울특별시 서초구 동광로 144 (반포동.방배중학교),37.49451866,126.9984954,서초구
신도봉중학교,중학교,서울특별시 도봉구 도봉로115길 16 (쌍문동),37.64932131,127.0332017,도봉구
경일중학교,중학교,서울특별시 성동구 성수일로 27 (성수동1가),37.54335375,127.0485687,성동구
도곡중학교,중학교,서울특별시 강남구 언주로57길 31 (도곡동.도곡중학교),37.49258637,127.0451391,강남구
성덕여자중학교,중학교,서울특별시 강동구 구천면로 396 . 성덕여자중학교 (천호동),37.54959332,127.1415824,강동구
태릉중학교,중학교,서울특별시 중랑구 공릉로2길 60-25 (묵동),37.6122945,127.0826001,중랑구
양천중학교,중학교,서울특별시 양천구 지양로7길 32 (신월동.양천중학교),37.51970729,126.8309782,양천구
성보중학교,중학교,서울특별시 관악구 남부순환로156길 39 . 성보중학교 (신림동.성보중학교),37.48023773,126.9216367,관악구
백석중학교,중학교,서울특별시 강서구 등촌로51나길 35 (등촌동.백석중학교),37.54816836,126.8592011,강서구
상현중학교,중학교,서울특별시 동작구 사당로2길 2-19 (상도동),37.49398955,126.9611357,동작구
성암여자중학교,중학교,서울특별시 강북구 도봉로29길 52 (미아동. 성암여자중학교),37.62077743,127.0245275,강북구
용강중학교,중학교,서울특별시 용산구 이촌로65가길 91 (이촌동),37.52100291,126.9762125,용산구
당곡중학교,중학교,서울특별시 관악구 봉천로13길 101 . 당곡중학교 (봉천동),37.49205829,126.9329834,관악구
정원여자중학교,중학교,서울특별시 서대문구 연희로37안길 51 . 정원여자중학교 (홍은동),37.58547402,126.9334347,서대문구
월촌중학교,중학교,서울특별시 양천구 목동서로 31 (목동.서울월촌중학교),37.53745961,126.8830333,양천구
동일중학교,중학교,서울특별시 금천구 탑골로10길 45 (시흥동),37.45222986,126.9171196,금천구
면목중학교,중학교,서울특별시 중랑구 용마산로70길 37 . 면목중학교 (면목동),37.58290451,127.0959844,중랑구
양진중학교,중학교,서울특별시 광진구 워커힐로 32 . 양진중학교,37.54504902,127.0983485,광진구
신창중학교,중학교,서울특별시 노원구 월계로45길 92 (월계동.신창중학교),37.62832255,127.0479477,노원구
풍납중학교,중학교,서울특별시 송파구 올림픽로43길 20 (풍납동),37.52536544,127.11644,송파구
일신여자중학교,중학교,서울특별시 송파구 송파대로38길 8 (송파동.일신여자중학교),37.50177714,127.1134261,송파구
천일중학교,중학교,서울특별시 강동구 천중로 57 .천일중학교(천호동),37.5457201,127.1278126,강동구
창덕여자중학교,중학교,서울특별시 중구 정동길 22 . 창덕여자중학교 (정동),37.56596376,126.9700488,중구
성원중학교,중학교,서울특별시 성동구 성덕정9가길 13 (성수동2가. 성원중학교),37.53918773,127.0520959,성동구
목일중학교,중학교,서울특별시 양천구 목동동로8길 70 (신정동.목일중학교),37.5133313,126.874308,양천구
성일중학교,중학교,서울특별시 동대문구 왕산로23길 55 (제기동),37.5812877,127.0338291,동대문구
대치중학교,중학교,서울특별시 강남구 남부순환로378길 39 (도곡동.대치중학교),37.48415651,127.0477186,강남구
세곡중학교,중학교,서울특별시 강남구 자곡로 81 (자곡동. 세곡중학교),37.47186015,127.092308,강남구
대방중학교,중학교,서울특별시 동작구 여의대방로10길 24 (신대방동. 대방중학교),37.49517589,126.913764,동작구
화곡중학교,중학교,서울특별시 강서구 강서로45길 70 (내발산동.화곡중학교),37.54821493,126.8331841,강서구
온곡중학교,중학교,서울특별시 노원구 노원로 492 (상계동. 온곡중학교),37.66010516,127.0646186,노원구
선린중학교,중학교,서울특별시 용산구 원효로97길 33-4 (청파동3가),37.54248273,126.965997,용산구
동성중학교,중학교,서울특별시 종로구 대학로 156 동성중학교 (혜화동 90-7),37.58565666,127.0025638,종로구
인창중학교,중학교,서울특별시 서대문구 경기대로 65 . 인창중학교 (충정로2가. 인창중·고등학교),37.5652255,126.964199,서대문구
고려대학교사범대학부속중학교,중학교,서울특별시 성북구 정릉로 161 (정릉동.고려대학교사범대학부속중학교),37.61038457,127.0010353,성북구
청량중학교,중학교,서울특별시 동대문구 왕산로 301 (청량리동),37.58772145,127.0513845,동대문구
대청중학교,중학교,서울특별시 강남구 양재천로 321 (대치동. 대청중학교),37.49016889,127.0585662,강남구
풍성중학교,중학교,서울특별시 송파구 강동대로2길 27 (풍납동. 풍성중학교),37.52538879,127.1124239,송파구
영락중학교,중학교,서울특별시 은평구 백련산로 134-6 . 영락중학교 (응암동. 영락중학교),37.59667624,126.9251334,은평구
노일중학교,중학교,서울특별시 노원구 동일로231길 24 . 노일중학교 (상계동),37.67307458,127.0538233,노원구
명일중학교,중학교,서울특별시 강동구 양재대로156길 57 (고덕동.명일중학교),37.55692932,127.1479662,강동구
여의도중학교,중학교,서울특별시 영등포구 국제금융로7길 46 . 여의도중학교 (여의도동),37.52376137,126.935447,영등포구
수락중학교,중학교,서울특별시 노원구 동일로 1729 . 수락중학교 (상계동),37.68295785,127.0545923,노원구
가재울중학교,중학교,서울특별시 서대문구 수색로 100-75 (북가좌동. 가재울중학교),37.57539248,126.909845,서대문구
서울여자중학교,중학교,서울특별시 마포구 백범로25길 34 . 서울여자중학교 (염리동),37.54868959,126.9483608,마포구
선정중학교,중학교,서울특별시 은평구 서오릉로20길 19 . 선정중학교 (갈현동),37.61844136,126.9086516,은평구
신방학중학교,중학교,서울특별시 도봉구 시루봉로 156 . 신방학중학교 (방학동),37.66400024,127.0294143,도봉구
남대문중학교,중학교,서울특별시 성북구 한천로 660-30 (장위동. 남대문중학교),37.61839715,127.0556556,성북구
경수중학교,중학교,서울특별시 성동구 뚝섬로13길 14 (성수동2가),37.53925228,127.058591,성동구
광남중학교,중학교,서울특별시 광진구 아차산로70길 17-62 . 광남중학교 (광장동),37.54028988,127.1016205,광진구
중동중학교,중학교,서울특별시 강남구 일원로8길 37 중동중학교,37.48880119,127.0781671,강남구
마곡중학교,중학교,서울특별시 강서구 마곡중앙5로 58 (마곡동),37.56790712,126.8213881,강서구
광성중학교,중학교,서울특별시 마포구 신수로8길 20 (신수동.광성중고등학교),37.54846912,126.9368808,마포구
서연중학교,중학교,서울특별시 서대문구 연희로11마길 9-6 (연희동),37.56810892,126.9276344,서대문구
강명중학교,중학교,서울특별시 강동구 상일로12길 56 (강일동. 강명중학교),37.5554045,127.1750136,강동구
봉림중학교,중학교,서울특별시 관악구 장군봉길 72 (봉천동),37.48019587,126.9384751,관악구
동대문중학교,중학교,서울특별시 동대문구 사가정로 59 . 동대문중학교 (전농동),37.5744331,127.0520786,동대문구
창동중학교,중학교,서울특별시 도봉구 방학로 32 창동중학교(방학동),37.66276724,127.0496351,도봉구
오남중학교,중학교,서울특별시 구로구 오리로9길 25 (오류동),37.48725635,126.8365851,구로구
공항중학교,중학교,서울특별시 강서구 방화대로 241 (공항동.공항중학교),37.56261595,126.8153399,강서구
노원중학교,중학교,서울특별시 노원구 동일로213길 26 (상계동.노원중학교),37.64905106,127.0598021,노원구
숭의여자중학교,중학교,서울특별시 동작구 여의대방로36길 79 . 숭의여자중학교 (대방동),37.50830168,126.9289229,동작구
대신중학교,중학교,서울특별시 종로구 사직로 9 (행촌동),37.57310947,126.9617529,종로구
한울중학교,중학교,서울특별시 금천구 독산로50길 60 한울중학교,37.46219599,126.9067262,금천구
영남중학교,중학교,서울특별시 영등포구 대림로31나길 17 . 영남중학교 (대림동),37.49753079,126.8959796,영등포구
영훈국제중학교,중학교,서울특별시 강북구 도봉로13가길 19 (미아동),37.61437718,127.0276039,강북구
둔촌중학교,중학교,서울특별시 강동구 진황도로61길 25-30 (둔촌동),37.53033765,127.1462064,강동구
신반포중학교,중학교,서울특별시 서초구 신반포로19길 26 . 신반포중학교 (반포동.신반포중학교),37.50570628,126.9961146,서초구
백운중학교,중학교,서울특별시 도봉구 도봉로129길 50 (쌍문동),37.65607544,127.0359041,도봉구
녹천중학교,중학교,서울특별시 노원구 월계로 376 (월계동. 녹천중학교),37.63126959,127.0622895,노원구
도봉중학교,중학교,서울특별시 도봉구 마들로 671 (도봉동.도봉중학교),37.6704519,127.045668,도봉구
아현중학교,중학교,서울특별시 마포구 마포대로 247 (아현동.아현중학교),37.55615513,126.9570872,마포구
수유중학교,중학교,서울특별시 강북구 인수봉로37길 40 (수유동.수유중학교),37.63096396,127.010591,강북구
노곡중학교,중학교,서울특별시 도봉구 노해로70길 95 (창동.노곡중학교),37.64821152,127.0533553,도봉구
신명중학교,중학교,서울특별시 강동구 명일로24길 25 (길동),37.54195865,127.1495209,강동구
성서중학교,중학교,서울특별시 마포구 성산로4길 42 (성산동),37.56300908,126.9084294,마포구
대림중학교,중학교,서울특별시 영등포구 시흥대로185길 6 (대림동.대림중학교),37.49214261,126.9075629,영등포구
공릉중학교,중학교,서울특별시 노원구 노원로1길 42 (공릉동.공릉중학교),37.62202718,127.0839604,노원구
양동중학교,중학교,서울특별시 양천구 목동중앙북로 49 (목동.양동중학교),37.54776895,126.8693529,양천구
정의여자중학교,중학교,서울특별시 도봉구 노해로49길 69 (쌍문동),37.65340386,127.0320505,도봉구
화계중학교,중학교,서울특별시 강북구 화계사길 63 (수유동),37.63246692,127.0102258,강북구
성사중학교,중학교,서울특별시 마포구 모래내로9길 16 . 성사중학교 (성산동),37.56814614,126.9134052,마포구
마장중학교,중학교,서울특별시 성동구 마장로35나길 31 . 마장중학교 (마장동),37.56845142,127.0418024,성동구
대왕중학교,중학교,서울특별시 강남구 광평로20길 7 (수서동. 대왕중학교),37.48313817,127.0874016,강남구
동구여자중학교,중학교,서울특별시 성북구 성북로8길 71 (성북동.동구여자중학교),37.5941935,127.0076654,성북구
광희중학교,중학교,서울특별시 성동구 독서당로62길 46 . 광희중학교 (응봉동),37.55127984,127.0341932,성동구
오산중학교,중학교,서울특별시 용산구 보광로7길 17 (보광동.오산중학교),37.52400986,126.9995381,용산구
송곡여자중학교,중학교,서울특별시 중랑구 양원역로 67 (망우동. 송곡여자중고등학교),37.60602827,127.1049741,중랑구
한영중학교,중학교,서울특별시 강동구 동남로 832 (상일동.한영중학교),37.5490782,127.157414,강동구
연천중학교,중학교,서울특별시 은평구 연서로41길 30 (불광동),37.62697444,126.9259984,은평구
마곡하늬중학교,중학교,서울특별시 강서구 마곡서1로 16 (마곡동),37.55812766,126.8210721,강서구
신암중학교,중학교,서울특별시 강동구 고덕로 65 . 신암중학교 (암사동),37.55561509,127.1330777,강동구
마포중학교,중학교,서울특별시 강서구 화곡로 403 (등촌동),37.56004392,126.8528162,강서구
증산중학교,중학교,서울특별시 은평구 증산로5길 27-30 . 증산중학교 (증산동),37.58351933,126.9041567,은평구
영동중학교,중학교,서울특별시 서초구 성촌길 14 (우면동.영동중학교),37.46573221,127.0255747,서초구
목운중학교,중학교,서울특별시 양천구 목동동로 235 (목동.목운초.중학교),37.52690224,126.8726221,양천구
구산중학교,중학교,서울특별시 은평구 갈현로15길 20-23 (구산동.구산중학교),37.60940066,126.9089636,은평구
미성중학교,중학교,서울특별시 관악구 문성로16길 40 (신림동),37.47522591,126.9123595,관악구
중앙여자중학교,중학교,서울특별시 서대문구 북아현로11가길 7 (북아현동. 중앙여자중학교),37.56276849,126.9527219,서대문구
대원국제중학교,중학교,서울특별시 광진구 용마산로22길 26 . 대원국제중학교 (중곡동),37.56385379,127.0894181,광진구
금호여자중학교,중학교,서울특별시 중구 청구로 6 . 금호여자중학교 본관동(주1) (신당동),37.55827803,127.0201931,중구
신양중학교,중학교,서울특별시 광진구 자양강변길 73 . 신양중학교 (자양동),37.53326061,127.0634311,광진구
성내중학교,중학교,서울특별시 강동구 성안로7길 36 (성내동.성내중학교),37.5287623,127.1295963,강동구
용마중학교,중학교,서울특별시 중랑구 면목로28길 18 (면목동. 용마중학교),37.57412795,127.0860548,중랑구
한산중학교,중학교,서울특별시 강동구 풍성로 251 (둔촌동.한산중학교),37.52844976,127.1401145,강동구
신길중학교,중학교,서울특별시 영등포구 신길로28길 43 (신길동. 신길중학교),37.50201923,126.9156513,영등포구
동신중학교,중학교,서울특별시 강동구 진황도로 72 (천호동. 동신중학교),37.53664957,127.1341222,강동구
강빛중학교,중학교,서울특별시 강동구 아리수로93다길 1 (강일동. 강빛초중통합학교),37.57457281,127.172071,강동구
염경중학교,중학교,서울특별시 강서구 양천로69길 35 (염창동.염경중학교),37.55447023,126.8706874,강서구
장충중학교,중학교,서울특별시 중구 동호로15길 93 (신당동),37.55316618,127.0062084,중구
윤중중학교,중학교,서울특별시 영등포구 여의동로3길 3 . 윤중중학교 (여의도동),37.51897848,126.923703,영등포구
영림중학교,중학교,서울특별시 구로구 가마산로27길 17 . 영림중학교 (구로동),37.49780447,126.8907765,구로구
신화중학교,중학교,서울특별시 양천구 남부순환로29길 35 . 신화중학교 (신월동),37.54061681,126.8301712,양천구
재현중학교,중학교,서울특별시 노원구 덕릉로82길 64 (중계동.재현중/고등학교),37.66126447,127.0809389,노원구
고덕중학교,중학교,서울특별시 강동구 동남로82길 94 (고덕동),37.56001314,127.1612974,강동구
인왕중학교,중학교,서울특별시 서대문구 세검정로4길 . 69 (홍제동),37.59273522,126.952043,서대문구
신사중학교,중학교,서울특별시 강남구 압구정로 123 (압구정동.신사중학교),37.52432934,127.0212357,강남구
중암중학교,중학교,서울특별시 마포구 월드컵북로38길 25 (중동.중암중학교),37.57211207,126.9039182,마포구
영도중학교,중학교,서울특별시 양천구 목동중앙남로 27 . 영도중학교 (목동.강서고등학교),37.53587117,126.8659117,양천구
동북중학교,중학교,서울특별시 강동구 강동대로 305 (둔촌동),37.52004583,127.1402647,강동구
성신여자중학교,중학교,서울특별시 성북구 북악산로 918 .성신여자중학교 (돈암동),37.59366975,127.0233656,성북구
시흥중학교,중학교,서울특별시 금천구 시흥대로38길 60 . 시흥중학교 (시흥동),37.44579338,126.9054161,금천구
상일중학교(2023년 3월 공학전환),중학교,서울특별시 강동구 천호대로219길 61 (상일동. 상일여자중학교),37.54964937,127.170386,강동구
연희중학교,중학교,서울특별시 서대문구 증가로 170 (남가좌동),37.57907672,126.9190251,서대문구
내곡중학교,중학교,서울특별시 서초구 청계산로7길 9-20 (신원동),37.45198176,127.054783,서초구
해누리중학교,중학교,서울특별시 송파구 송파대로37길 95 . 해누리중학교 (가락동),37.49824464,127.1021919,송파구
방산고등학교,고등학교,서울특별시 송파구 오금로27길 18 (방이동),37.50831315,127.120799,송파구
대영고등학교,고등학교,서울특별시 영등포구 도림로86길 16 (신길동. 대영고등학교),37.50342297,126.9059721,영등포구
독산고등학교,고등학교,서울특별시 금천구 문성로 64 . 독산고등학교 (독산동),37.476199,126.9109732,금천구
서울문영여자고등학교,고등학교,서울특별시 관악구 관악로 85 . 서울문영여자고등학교 (봉천동),37.47345338,126.9510607,관악구
단국대학교부속소프트웨어고등학교,고등학교,서울특별시 강남구 도곡로64길 21 (대치동 1013),37.49562483,127.0576122,강남구
상명대학교사범대학부속여자고등학교,고등학교,서울특별시 종로구 홍지문2길 20 (홍지동.상명대학교),37.60334127,126.9536925,종로구
우신고등학교,고등학교,서울특별시 구로구 부일로 917 . 우신고등학교 (궁동),37.49535636,126.8266741,구로구
서울영상고등학교,고등학교,서울특별시 양천구 목동로11길 46 . 서울영상고등학교 (신정동),37.52325879,126.8600333,양천구
정신여자고등학교,고등학교,서울특별시 송파구 올림픽로4길 16 . 정신여자고등학교 (잠실동),37.50875542,127.0717962,송파구
동국대학교사범대학부속고등학교,고등학교,서울특별시 동대문구 장안벚꽃로 201 (장안동.동국대학교사범대학부속고등학교),37.57749539,127.0744645,동대문구
가재울고등학교,고등학교,서울특별시 서대문구 수색로 100-35 (북가좌동),37.57416416,126.9095302,서대문구
고명외식고등학교,고등학교,서울특별시 성북구 북악산로 870 (돈암동),37.59746161,127.0199462,성북구
단국대학교사범대학부속고등학교,고등학교,서울특별시 강남구 도곡로64길 21 . 단대부고  (대치동),37.49549061,127.0562354,강남구
원묵고등학교,고등학교,서울특별시 중랑구 숙선옹주로 82 . 원묵고등학교 (묵동),37.61543287,127.0860371,중랑구
홍익디자인고등학교,고등학교,서울특별시 마포구 성미산로 111 (연남동),37.56273392,126.9196795,마포구
영락고등학교,고등학교,서울특별시 관악구 청룡16길 25 . 영락고등학교 (봉천동),37.47630917,126.9441949,관악구
은광여자고등학교,고등학교,서울특별시 강남구 남부순환로359길 36 (도곡동),37.48856855,127.0353764,강남구
대광고등학교,고등학교,서울특별시 동대문구 안암로 6 . 대광고등학교 (신설동),37.57764292,127.0244386,동대문구
선덕고등학교,고등학교,서울특별시 도봉구 시루봉로 53 .  선덕고등학교 (쌍문동),37.65452068,127.0266221,도봉구
화곡고등학교,고등학교,서울특별시 강서구 강서로45길 69 (내발산동),37.54803554,126.832026,강서구
광영고등학교,고등학교,서울특별시 양천구 남부순환로30길 17 (신월동.광영고등학교),37.53760656,126.8241065,양천구
광영여자고등학교,고등학교,서울특별시 양천구 남부순환로30길 17 . 광영여자고등학교 (신월동),37.53757548,126.8232464,양천구
숭의여자고등학교,고등학교,서울특별시 동작구 여의대방로36길 79 . 숭의여자고등학교 (대방동),37.50783886,126.9288331,동작구
서울로봇고등학교,고등학교,서울특별시 강남구 광평로20길 63 서울로봇고등학교 (일원동),37.48069615,127.0843315,강남구
수도전기공업고등학교,고등학교,서울특별시 강남구 개포로 410 . 수도전기공업고등학교 (개포동),37.48609632,127.0638047,강남구
구일고등학교,고등학교,서울특별시 구로구 구일로 90-51 (구로동),37.49391478,126.8739452,구로구
서서울생활과학고등학교,고등학교,서울특별시 구로구 오리로 1355-10 . 서서울생활과학고등학교 (궁동),37.50374092,126.8282007,구로구
영동고등학교,고등학교,서울특별시 강남구 선릉로 742 (청담동. 영동고등학교),37.5206269,127.0419943,강남구
재현고등학교,고등학교,서울특별시 노원구 덕릉로82길 64 . 재현고등학교 (중계동),37.660214,127.0796775,노원구
영락의료과학고등학교,고등학교,서울특별시 관악구 청룡16길 25 . 영락의료과학고등학교,37.47658804,126.9448543,관악구
휘경공업고등학교,고등학교,서울특별시 동대문구 겸재로 21 . 휘경공업고등학교 (휘경동),37.58521558,127.0700007,동대문구
서울여자상업고등학교,고등학교,서울특별시 관악구 관악로 85 (봉천동.서울여자상업고등학교),37.47240474,126.9506004,관악구
동덕여자고등학교,고등학교,서울특별시 서초구 효령로2길 123-5 . 동덕여자고등학교 (방배동),37.47583666,126.992496,서초구
경동고등학교,고등학교,서울특별시 성북구 보문로29길 49 (삼선동3가. 경동고등학교),37.58582354,127.0149687,성북구
동명여자고등학교,고등학교,서울특별시 은평구 통일로 793 (대조동. 동명여자고등학교),37.61450966,126.9250428,은평구
인헌고등학교,고등학교,서울특별시 관악구 인헌9길 74 (봉천동.인헌고등학교),37.47164063,126.9697945,관악구
서울과학고등학교,고등학교,서울특별시 종로구 혜화로 63 (명륜1가),37.59172336,126.9981214,종로구
경희여자고등학교,고등학교,서울특별시 동대문구 경희대로 26 . 경희여자고등학교  (회기동.경희대학교),37.59467402,127.0509009,동대문구
고척고등학교,고등학교,서울특별시 구로구 중앙로15길 162 (고척동. 고척고등학교),37.50897724,126.851306,구로구
개포고등학교,고등학교,서울특별시 강남구 개포로 402 (개포동. 개포고등학교),37.48495285,127.0592181,강남구
송곡고등학교,고등학교,서울특별시 중랑구 양원역로 50 (망우동),37.60540379,127.1072659,중랑구
경복비즈니스고등학교,고등학교,서울특별시 강서구 화곡로 379 (등촌동131),37.55802536,126.8525287,강서구
해성여자고등학교,고등학교,서울특별시 동대문구 전농로20길 31 (전농동.해성여자고등학교),37.58123233,127.0566721,동대문구
진명여자고등학교,고등학교,서울특별시 양천구 목동로 170 . 진명여자고등학교 (목동),37.52381306,126.8661298,양천구
용화여자고등학교,고등학교,서울특별시 노원구 동일로 1461 . 용화여자고등학교 (상계동.용화여자고등학교),37.65877418,127.0583806,노원구
서울대학교사범대학부설고등학교,고등학교,서울특별시 성북구 월곡로 6 (종암동),37.59338533,127.0382522,성북구
석관고등학교,고등학교,서울특별시 성북구 한천로70길 30 . 석관고등학교 (석관동),37.6096418,127.0665343,성북구
대진디자인고등학교,고등학교,서울특별시 강남구 광평로39길 93 (수서동.대진디자인고등학교),37.49070951,127.0961005,강남구
해성국제컨벤션고등학교,고등학교,서울특별시 동대문구 전농로20길 31 . 해성국제컨벤션고등학교 (전농동),37.58174873,127.057254,동대문구
등촌고등학교,고등학교,서울특별시 강서구 공항대로39길 115 . 등촌고등학교 (등촌동),37.56274214,126.8449019,강서구
인덕과학기술고등학교,고등학교,서울특별시 노원구 초안산로 12 . 인덕과학기술고등학교 (월계동),37.63207948,127.0560862,노원구
휘경여자고등학교,고등학교,서울특별시 동대문구 한천로 247 (휘경동.휘경여자고등학교),37.58355605,127.0663086,동대문구
경문고등학교,고등학교,서울특별시 동작구 동작대로 171 . 경문고등학교 (동작동),37.49258942,126.9815423,동작구
배문고등학교,고등학교,서울특별시 용산구 효창원로 258 (서계동),37.54999783,126.9646239,용산구
정화여자상업고등학교,고등학교,서울특별시 동대문구 홍릉로15길 50 정화여자상업고등학교 (제기동),37.58595808,127.0407595,동대문구
덕원여자고등학교,고등학교,서울특별시 강서구 강서로45길 91-44 . 덕원여자고등학교 (내발산동),37.5482012,126.8285995,강서구
동작고등학교,고등학교,서울특별시 동작구 솔밭로 51 (사당동.동작고등학교),37.48190069,126.9653194,동작구
오류고등학교,고등학교,서울특별시 구로구 오리로21길 2 (궁동. 오류고등학교),37.50026298,126.828196,구로구
문일고등학교,고등학교,서울특별시 금천구 시흥대로47길 45 (시흥동),37.44914501,126.8990721,금천구
대일고등학교,고등학교,서울특별시 강서구 등촌로 105 (등촌동.대일고등학교),37.53918801,126.8628558,강서구
한가람고등학교,고등학교,서울특별시 양천구 목동서로 15 한가람고등학교 (목동),37.53775546,126.8838877,양천구
당곡고등학교,고등학교,서울특별시 관악구 봉천로21길 108 . 당곡고등학교 (봉천동),37.49193742,126.9347167,관악구
광신방송예술고등학교,고등학교,서울특별시 관악구 광신길 141 (신림동. 광신방송예술고등학교),37.46577693,126.9247246,관악구
서울미술고등학교,고등학교,서울특별시 관악구 남부순환로247길 26 (봉천동.서울미술고등학교),37.47692079,126.9672486,관악구
경인고등학교,고등학교,서울특별시 구로구 경인로46길 31. 경인고등학교(고척동),37.49641705,126.8658108,구로구
중화고등학교,고등학교,서울특별시 중랑구 봉화산로27길 62 (중화동. 중화고등학교),37.60476638,127.0830568,중랑구
경희고등학교,고등학교,서울특별시 동대문구 경희대로 26 (회기동. 경희고등학교),37.59501183,127.0549057,동대문구
성동고등학교,고등학교,서울특별시 중구 퇴계로90길 17 . 성동고등학교 (신당동),37.56411643,127.0228464,중구
양재고등학교,고등학교,서울특별시 서초구 남부순환로346길 9 (서초동.양재고등학교),37.48293174,127.0328864,서초구
미림여자정보과학고등학교,고등학교,서울특별시 관악구 호암로 546 (신림동),37.46644063,126.9327248,관악구
가락고등학교,고등학교,서울특별시 송파구 송이로 42 (송파동.가락고등학교),37.50123222,127.1169042,송파구
신림고등학교,고등학교,서울특별시 관악구 문성로 119 . 신림고등학교 (신림동),37.47854994,126.9175132,관악구
배명고등학교,고등학교,서울특별시 송파구 삼학사로 11 (삼전동),37.49881138,127.0956575,송파구
오산고등학교,고등학교,서울특별시 용산구 보광로7길 17 (보광동),37.52350529,126.999589,용산구
동명생활경영고등학교,고등학교,서울특별시 은평구 통일로 793 (대조동),37.61383099,126.9246425,은평구
덕원예술고등학교,고등학교,서울특별시 강서구 강서로45길 91-44 . 덕원예술고등학교 (내발산동),37.54968747,126.8283115,강서구
선유고등학교,고등학교,서울특별시 영등포구 선유로 227 . 선유고등학교 (양평동4가),37.53372028,126.8949169,영등포구
덕일전자공업고등학교,고등학교,서울특별시 구로구 서해안로21길 5-12 (오류동),37.49029396,126.8371091,구로구
건국대학교사범대학부속고등학교,고등학교,서울특별시 광진구 능동로 120 . 건국대학교사범대학부속고등학교 (화양동),37.54022482,127.0804186,광진구
충암고등학교,고등학교,서울특별시 은평구 가좌로5길 5 (응암동),37.58485183,126.9212301,은평구
상암고등학교,고등학교,서울특별시 마포구 월드컵북로 445 (상암동),37.58138322,126.8838273,마포구
서울동산고등학교,고등학교,서울특별시 노원구 공릉로 257 (공릉동),37.63020748,127.0750741,노원구
이화여자대학교사범대학부속이화금란고등학교,고등학교,서울특별시 서대문구 성산로 560 . 이대부속고등학교 (대신동),37.56596828,126.9473028,서대문구
현대고등학교,고등학교,서울특별시 강남구 압구정로 127 (압구정동),37.52512278,127.0226425,강남구
잠신고등학교,고등학교,서울특별시 송파구 잠실로 24 . 잠신고등학교 (잠실동),37.51526167,127.0889878,송파구
성남고등학교,고등학교,서울특별시 동작구 대방동길 74 (대방동),37.50518496,126.9263176,동작구
금옥여자고등학교,고등학교,서울특별시 양천구 신정로 213 (신정동),37.51104075,126.8445702,양천구
양천고등학교,고등학교,서울특별시 양천구 신정로14길 13 (신정동.양천고등학교),37.50901425,126.8457829,양천구
남강고등학교,고등학교,서울특별시 관악구 난곡로34길 80 (신림동.남강중고등학교),37.47242239,126.925555,관악구
구로고등학교,고등학교,서울특별시 구로구 가마산로27길 45 . 구로고등학교 (구로동),37.49864368,126.8900126,구로구
휘문고등학교,고등학교,서울특별시 강남구 역삼로 541 (대치동),37.50492792,127.0627984,강남구
명덕여자고등학교,고등학교,서울특별시 강서구 강서로47길 34-10 (내발산동),37.55410155,126.8340788,강서구
서일문화예술고등학교,고등학교,서울특별시 종로구 지봉로17길 49 . 서일국제경영고등학교 (창신동. 서일국제경영고등학교),37.57951723,127.0127598,종로구
한강미디어고등학교,고등학교,서울특별시 영등포구 선유로55길 22 (양평동4가.한강미디어고등학교),37.5389561,126.8975045,영등포구
경기고등학교,고등학교,서울특별시 강남구 영동대로 643 . 경기고등학교 (삼성동),37.51712417,127.0559391,강남구
문현고등학교,고등학교,서울특별시 송파구 충민로 115 (장지동),37.48106969,127.1290343,송파구
한성과학고등학교,고등학교,서울특별시 서대문구 통일로 279-79 . 한성과학고등학교 (현저동),37.57598593,126.9528402,서대문구
성동글로벌경영고등학교,고등학교,서울특별시 중구 퇴계로 375 (신당동. 성동글로벌경영고등학교),37.56564434,127.0131717,중구
일신여자상업고등학교,고등학교,서울특별시 송파구 송파대로38길 8 (송파동.일신여자상업고등학교),37.50181658,127.11436,송파구
중산고등학교,고등학교,서울특별시 강남구 일원로14길 22 . 중산고등학교 (일원동),37.48545837,127.0807166,강남구
보성고등학교,고등학교,서울특별시 송파구 양재대로 1278 (방이동.보성중고등학교),37.51962037,127.1347447,송파구
잠실여자고등학교,고등학교,서울특별시 송파구 송파대로38길 8 (송파동) 잠실여자고등학교,37.50229735,127.1130388,송파구
중앙대학교사범대학부속고등학교,고등학교,서울특별시 강남구 선릉로 207 . 중앙대학교사범대학부속고등학교 (도곡동),37.49221278,127.052077,강남구
청담고등학교,고등학교,서울특별시 강남구 압구정로 419 . 청담고등학교 (압구정동. 청담고등학교),37.52817117,127.0433883,강남구
월계고등학교,고등학교,서울특별시 노원구 초안산로5길 66 (월계동.월계고등학교),37.63156896,127.0486715,노원구
대일외국어고등학교,고등학교,서울특별시 성북구 서경로 116 대일외국어고등학교 (정릉동),37.61372361,127.0139551,성북구
오금고등학교,고등학교,서울특별시 송파구 중대로 247 (오금동),37.50435687,127.1293872,송파구
동구마케팅고등학교,고등학교,서울특별시 성북구 성북로8길 71 . 동구마케팅고등학교 (성북동),37.59318716,127.0066941,성북구
압구정고등학교,고등학교,서울특별시 강남구 압구정로39길 20 . 압구정고등학교 (압구정동),37.53087081,127.0328538,강남구
서울관광고등학교,고등학교,서울특별시 관악구 은천로15길 25 (봉천동.서울관광고등학교),37.48823521,126.9433831,관악구
서울체육고등학교,고등학교,서울특별시 송파구 강동대로 232 . 서울체육고등학교 (방이동),37.52175897,127.1304069,송파구
중동고등학교,고등학교,서울특별시 강남구 일원로 7 . 중동고등학교 (일원동),37.49313402,127.080769,강남구
덕수고등학교,고등학교,서울특별시 성동구 왕십리로 199 (행당동),37.55545857,127.0421425,성동구
홍익대학교사범대학부속고등학교,고등학교,서울특별시 성북구 성북로14가길 23 (성북동.홍익대학교부속중고등학교),37.59432254,127.0038423,성북구
창덕여자고등학교,고등학교,서울특별시 송파구 양재대로 1240 . 창덕여자고등학교 (방이동),37.51592419,127.1401446,송파구
휘봉고등학교,고등학교,서울특별시 동대문구 한천로 290 (휘경동),37.58647725,127.0685464,동대문구
숭실고등학교,고등학교,서울특별시 은평구 은평터널로7길 6 (신사동),37.59291809,126.904049,은평구
강서고등학교,고등학교,서울특별시 양천구 목동중앙남로 27 . 강서고등학교 (목동),37.53674853,126.8662863,양천구
반포고등학교,고등학교,서울특별시 서초구 고무래로 71 (반포동.반포고등학교),37.50204786,127.0165603,서초구
고려대학교사범대학부속고등학교,고등학교,서울특별시 성북구 정릉로 161 (정릉동),37.60980051,127.0014306,성북구
강서공업고등학교,고등학교,서울특별시 강서구 방화대로47길 9 (방화동.강서공업고등학교),37.57555541,126.8158624,강서구
자양고등학교,고등학교,서울특별시 광진구 뚝섬로37길 28 (자양동.자양고등학교),37.53554054,127.0729936,광진구
용산고등학교,고등학교,서울특별시 용산구 두텁바위로 60 (용산동2가.용산고등학교),37.54520417,126.9801563,용산구
성신여자고등학교,고등학교,서울특별시 성북구 동소문로26가길 80 (돈암동),37.59349704,127.0226632,성북구
서울문화고등학교,고등학교,서울특별시 도봉구 마들로 598 . 서울문화고등학교 (방학동),37.66342759,127.0476788,도봉구
서울공업고등학교,고등학교,서울특별시 동작구 대방동1길 46 . 서울공업고등학교 (대방동),37.50125175,126.9223834,동작구
영훈고등학교,고등학교,서울특별시 강북구 도봉로13가길 19 (미아동. 영훈학교),37.61359434,127.0277394,강북구
광성고등학교,고등학교,서울특별시 마포구 신수로8길 20 (신수동),37.54879699,126.9366887,마포구
미래산업과학고등학교,고등학교,서울특별시 노원구 덕릉로82길 54 (중계동),37.65904944,127.0790031,노원구
동양고등학교,고등학교,서울특별시 강서구 허준로 50 (가양동.동양고등학교),37.56893352,126.8475353,강서구
금천고등학교,고등학교,서울특별시 금천구 시흥대로38길 26 (시흥동.금천고등학교),37.44480673,126.905668,금천구
영신간호비즈니스고등학교,고등학교,서울특별시 노원구 중계로16나길 13 영신간호비즈니스고등학교 (중계동),37.65273814,127.083205,노원구
미림여자고등학교,고등학교,서울특별시 관악구 호암로 546 .  미림여자고등학교 (신림동),37.46740652,126.9326337,관악구
보인고등학교,고등학교,서울특별시 송파구 오금로49길 18 . 보인고등학교 (오금동),37.49721807,127.1383815,송파구
중앙여자고등학교,고등학교,서울특별시 서대문구 북아현로11가길 7 (북아현동),37.56209451,126.9525925,서대문구
한성고등학교,고등학교,서울특별시 서대문구 북아현로1길 24 (북아현동),37.55973279,126.9544615,서대문구
성암국제무역고등학교,고등학교,서울특별시 강북구 도봉로29길 52 (미아동. 성암국제무역고등학교),37.62089331,127.024471,강북구
하나고등학교,고등학교,서울특별시 은평구 연서로 535 . 하나고등학교 (진관동),37.64130051,126.9370617,은평구
목동고등학교,고등학교,서울특별시 양천구 목동동로2길 68 . 목동고등학교 (신정동),37.50878128,126.860143,양천구
문정고등학교,고등학교,서울특별시 송파구 송이로34길 62 (문정동.문정고등학교),37.48467577,127.1271371,송파구
유한공업고등학교,고등학교,서울특별시 구로구 경인로 8 (항동. 유한공업고등학교),37.48791416,126.8233682,구로구
서울외국어고등학교,고등학교,서울특별시 도봉구 덕릉로66길 22 (창동),37.64528363,127.0519514,도봉구
관악고등학교,고등학교,서울특별시 영등포구 영등포로6길 26 (양평동2가),37.52144634,126.8829505,영등포구
서울예술고등학교,고등학교,서울특별시 종로구 평창문화로 70 (평창동),37.60569641,126.9689097,종로구
서울공연예술고등학교,고등학교,서울특별시 구로구 오리로22나길 16-26 . 서울공연예술고등학교 (궁동),37.50008478,126.8325569,구로구
은평고등학교,고등학교,서울특별시 은평구 갈현로15길 47 (구산동. 은평고등학교),37.6090751,126.9057368,은평구
신목고등학교,고등학교,서울특별시 양천구 안양천로 739 (신정동.신목고등학교),37.51261089,126.8737362,양천구
잠실고등학교,고등학교,서울특별시 송파구 올림픽로33길 71 . 잠실고등학교 (신천동),37.5224532,127.1061269,송파구
성동공업고등학교,고등학교,서울특별시 중구 다산로 290 (흥인동),37.56850068,127.0172917,중구
국립국악고등학교,고등학교,서울특별시 강남구 개포로22길 65 (개포동. 국립국악고등학교),37.47642432,127.051273,강남구
리라아트고등학교,고등학교,서울특별시 중구 소파로2길 24 (예장동),37.55711546,126.988252,중구
영신여자고등학교,고등학교,서울특별시 노원구 중계로16나길 13 . 영신여자고등학교 (중계동),37.65232025,127.0832893,노원구
이화여자고등학교,고등학교,서울특별시 중구 정동길 . 26 (정동),37.56472348,126.970326,중구
한국삼육고등학교,고등학교,서울특별시 노원구 화랑로 815 (공릉동),37.64052437,127.1084289,노원구
숭문고등학교,고등학교,서울특별시 마포구 숭문길 99 (숭문중고등학교. 대흥동),37.55087275,126.9457596,마포구
창동고등학교,고등학교,서울특별시 도봉구 노해로62길 7 (창동. 창동고등학교),37.65079797,127.0385983,도봉구
세명컴퓨터고등학교,고등학교,서울특별시 은평구 통일로92가길 33 (불광동.세명컴퓨터고등학교),37.62755921,126.9235283,은평구
서라벌고등학교,고등학교,서울특별시 노원구 한글비석로5길 18 . (중계1동 313. 서라벌고등학교),37.64510755,127.0754098,노원구
대신고등학교,고등학교,서울특별시 종로구 사직로 9 (행촌동),37.57361482,126.962019,종로구
혜원여자고등학교,고등학교,서울특별시 중랑구 봉우재로58길 39 (망우동),37.59312555,127.096809,중랑구
대원외국어고등학교,고등학교,서울특별시 광진구 용마산로22길 26 . 대원외국어고등학교 (중곡동),37.5636165,127.0891701,광진구
영일고등학교,고등학교,서울특별시 강서구 등촌로51가길 26 . 영일고등학교 (등촌동),37.54777198,126.8617019,강서구
서문여자고등학교,고등학교,서울특별시 서초구 동광로12길 84(방배동) . 서문여자고등학교 (방배동. 서문여자중고등학교),37.48953343,126.9854276,서초구
송곡여자고등학교,고등학교,서울특별시 중랑구 양원역로 67 . 송곡여자고등학교 (망우동),37.60676073,127.1047379,중랑구
한양공업고등학교,고등학교,서울특별시 중구 을지로 299 . 한양공업고등학교 (신당동),37.56537604,127.0116174,중구
광운인공지능고등학교,고등학교,서울특별시 노원구 광운로1길 24 (월계동.광운중학교/전자공업고등학교),37.62079058,127.0562873,노원구
진관고등학교,고등학교,서울특별시 은평구 진관4로 26 (진관동),37.64314467,126.9245156,은평구
서울전자고등학교,고등학교,서울특별시 서초구 과천대로 852-23 (방배동),37.46966285,126.9883284,서초구
서울방송고등학교,고등학교,서울특별시 성동구 동호로5길 131 (옥수동),37.54764081,127.0106485,성동구
세화여자고등학교,고등학교,서울특별시 서초구 신반포로 56-7 (반포동. 세화여자고등학교),37.50219492,126.9932967,서초구
광신고등학교,고등학교,서울특별시 관악구 광신길 141 (신림동.광신중고등학교),37.46466972,126.925711,관악구
경복여자고등학교,고등학교,서울특별시 강서구 화곡로63길 40 (등촌동),37.55853046,126.8508495,강서구
혜성여자고등학교,고등학교,서울특별시 노원구 노원로16길 2 (하계동.혜성여자고등학교),37.64124327,127.0739477,노원구
한세사이버보안고등학교,고등학교,서울특별시 마포구 마포대로11길 44-80 (아현동),37.55178983,126.9520321,마포구
명덕외국어고등학교,고등학교,서울특별시 강서구 강서로47길 34-10 . 명덕외국어고등학교 (내발산동.명덕여자고등학교),37.55413149,126.8333317,강서구
진선여자고등학교,고등학교,서울특별시 강남구 선릉로85길 27 (진선여자고등학교.역삼동),37.50185588,127.0469382,강남구
경기여자고등학교,고등학교,서울특별시 강남구 삼성로 29 . 경기여자고등학교 (개포동),37.48667354,127.065823,강남구
창문여자고등학교,고등학교,서울특별시 강북구 월계로 61 . 창문여자고등학교 (미아동),37.61335506,127.0363372,강북구
선정고등학교,고등학교,서울특별시 은평구 서오릉로20길 19 . 선정고등학교 (갈현동),37.61800407,126.908824,은평구
선일빅데이터고등학교,고등학교,서울특별시 은평구 갈현로29길 27 . 선일이비즈니스고등학교 (갈현동),37.62033713,126.9121292,은평구
신일고등학교,고등학교,서울특별시 강북구 솔매로49길 20 (미아동.신일중고등학교),37.62840477,127.0276808,강북구
성보고등학교,고등학교,서울특별시 관악구 남부순환로156길 39 (신림동.성보고등학교),37.47989505,126.9198499,관악구
면목고등학교,고등학교,서울특별시 중랑구 용마산로72길 36-14 (면목동.면목고등학교),37.5844889,127.0965917,중랑구
예림디자인고등학교,고등학교,서울특별시 구로구 오리로21길 2 . 예림디자인고등학교 (궁동),37.50001841,126.8274173,구로구
세종과학고등학교,고등학교,서울특별시 구로구 오리로21길 79 (궁동),37.49617159,126.8275477,구로구
영등포여자고등학교,고등학교,서울특별시 영등포구 영등포로62길 13 . 영등포여자고등학교  (신길동)184-3,37.51524893,126.9151041,영등포구
청량고등학교,고등학교,서울특별시 동대문구 왕산로 303 (청량리동. 청량고등학교),37.58877714,127.0512584,동대문구
동일여자고등학교,고등학교,서울특별시 금천구 탑골로10길 45 (시흥동. 동일여자고등학교),37.45119609,126.9167323,금천구
숙명여자고등학교,고등학교,서울특별시 강남구 남부순환로 2807 . 숙명여자고등학교 (도곡동),37.49040312,127.0523128,강남구
서울매그넷고등학교,고등학교,서울특별시 금천구 탑골로10길 45 (시흥동. 동일여자상업고등학교),37.45086278,126.916191,금천구
서울신정고등학교,고등학교,서울특별시 강서구 등촌로13아길 20 (화곡동. 서울신정고등학교),37.53846988,126.8572616,강서구
혜화여자고등학교,고등학교,서울특별시 강북구 인수봉로 127 (수유동. 혜화여자고등학교),37.63094021,127.0129418,강북구
보성여자고등학교,고등학교,서울특별시 용산구 신흥로3가길 66 보성여자고등학교 (용산동2가),37.54311147,126.9842996,용산구
중앙고등학교,고등학교,서울특별시 종로구 창덕궁길 164 (계동. 중앙고등학교),37.58400728,126.9868357,종로구
영등포고등학교,고등학교,서울특별시 동작구 등용로8길 5 (대방동.영등포고등학교),37.50834923,126.9340607,동작구
불암고등학교,고등학교,서울특별시 노원구 중계로 155 (중계동),37.64876781,127.080233,노원구
대동세무고등학교,고등학교,서울특별시 종로구 계동길 84-10 . 대동세무고등학교 (계동),37.58137766,126.9878764,종로구
대성고등학교,고등학교,서울특별시 은평구 갈현로29길 51-24 . 대성고등학교 (갈현동),37.62316122,126.9098186,은평구
잠일고등학교,고등학교,서울특별시 송파구 백제고분로 21 (잠실동),37.51441072,127.0824958,송파구
삼각산고등학교,고등학교,서울특별시 강북구 삼양로19길 40 (미아동.삼각산고등학교),37.61603925,127.0201333,강북구
서울세종고등학교,고등학교,서울특별시 강남구 광평로51길 36 서울세종고등학교 (수서동),37.48999885,127.1025991,강남구
서울아이티고등학교,고등학교,서울특별시 노원구 섬밭로 299 (중계동.서울아이티고등학교),37.64217644,127.0620111,노원구
송곡관광고등학교,고등학교,서울특별시 중랑구 양원역로 67 송곡관광고등학교(망우동),37.60652203,127.1053983,중랑구
신현고등학교,고등학교,서울특별시 중랑구 봉화산로 174 . 신현고등학교 (상봉동),37.6050089,127.0926531,중랑구
장충고등학교,고등학교,서울특별시 중구 동호로15길 93 장충고등학교,37.55261218,127.0060726,중구
정의여자고등학교,고등학교,서울특별시 도봉구 노해로49길 69 (쌍문동),37.65276889,127.031104,도봉구
화곡보건경영고등학교,고등학교,서울특별시 강서구 강서로45길 70 (내발산동),37.54913882,126.8327494,강서구
대원여자고등학교,고등학교,서울특별시 광진구 용마산로22길 26 . 대원여자고등학교 (중곡동),37.56249619,127.0894052,광진구
홍익대학교사범대학부속여자고등학교,고등학교,서울특별시 마포구 성미산로 51 (성산동. 여자고등학교),37.56029681,126.9126261,마포구
배화여자고등학교,고등학교,서울특별시 종로구 필운대로1길 34 (필운동.배화여자고등학교),37.57868257,126.9668658,종로구
구암고등학교,고등학교,서울특별시 관악구 성현로 57 (봉천동.구암고등학교),37.49233121,126.9503339,관악구
인창고등학교,고등학교,서울특별시 서대문구 경기대로 65 . 인창고등학교 (충정로2가),37.56541846,126.9634652,서대문구
대진고등학교,고등학교,서울특별시 노원구 공릉로62가길 47 . 대진고등학교 (하계동),37.63760491,127.0752279,노원구
무학여자고등학교,고등학교,서울특별시 성동구 고산자로 197 무학여자고등학교,37.55726298,127.0333503,성동구
영신고등학교,고등학교,서울특별시 영등포구 대방천로14길 18 (신길동. 영신고등학교),37.49755151,126.9096762,영등포구
양정고등학교,고등학교,서울특별시 양천구 안양천로 1039 (목동.양정고등학교),37.53485024,126.8868481,양천구
성심여자고등학교,고등학교,서울특별시 용산구 원효로19길 49 . 성심여자고등학교 (원효로4가),37.53445137,126.9536579,용산구
백암고등학교,고등학교,서울특별시 양천구 신정로13길 16 . 백암고등학교 (신정동),37.51168474,126.8442901,양천구
마포고등학교,고등학교,서울특별시 강서구 화곡로 403 (등촌동.마포고등학교),37.5598182,126.8533855,강서구
배재고등학교,고등학교,서울특별시 강동구 고덕로 227 (고덕동.배재중 고등학교),37.55612853,127.1508514,강동구
누원고등학교,고등학교,서울특별시 도봉구 마들로 849 . 누원고등학교 (도봉동),37.68533755,127.0504602,도봉구
영동일고등학교,고등학교,서울특별시 송파구 석촌호수로 93 . 영동일고등학교 (잠실동),37.51003447,127.0897718,송파구
경기기계공업고등학교,고등학교,서울특별시 노원구 공릉로 264 (하계동),37.63316347,127.07456,노원구
영등포공업고등학교,고등학교,서울특별시 강서구 허준로5길 15 (가양동),37.56918699,126.8503868,강서구
한양대학교사범대학부속고등학교,고등학교,서울특별시 성동구 마조로 42 (사근동) 한양대학교사범대학부속고등학교,37.56179611,127.0440947,성동구
한영외국어고등학교,고등학교,서울특별시 강동구 동남로 832 (상일동),37.54813415,127.1572203,강동구
서울디자인고등학교,고등학교,서울특별시 마포구 백범로 139 서울디자인고등학교,37.54692404,126.9480356,마포구
신도고등학교,고등학교,서울특별시 은평구 통일로 961 (진관동),37.62934573,126.9184892,은평구
상명고등학교,고등학교,서울특별시 노원구 덕릉로 553 . 상명고등학교 (중계동),37.64963116,127.0682567,노원구
수명고등학교,고등학교,서울특별시 강서구 수명로2길 15 . 수명고등학교 (내발산동),37.54968985,126.8248597,강서구
청원고등학교,고등학교,서울특별시 노원구 한글비석로 506 . 청원고등학교 (상계동),37.66666861,127.0630728,노원구
서울국제고등학교,고등학교,서울특별시 종로구 성균관로13길 40 . 서울국제고 (명륜1가),37.59120677,126.9961734,종로구
선린인터넷고등학교,고등학교,서울특별시 용산구 원효로97길 33-4 (청파동3가),37.54278138,126.9670484,용산구
서울컨벤션고등학교,고등학교,서울특별시 강동구 동남로 964 . 서울컨벤션고등학교 (고덕동),37.5592845,127.1580303,강동구
경복고등학교,고등학교,서울특별시 종로구 자하문로28가길 9 . 경복고등학교 (청운동.경복고등학교),37.58681378,126.9713519,종로구
선화예술고등학교,고등학교,서울특별시 광진구 천호대로 664 (능동),37.55010302,127.0877027,광진구
동성고등학교,고등학교,서울특별시 종로구 대학로 156 (혜화동.동성중고교),37.58507556,127.0030619,종로구
영파여자고등학교,고등학교,서울특별시 송파구 올림픽로 565 . 영파여자고등학교 (풍납동.영파여자고등학교),37.53205276,127.1198174,송파구
광남고등학교,고등학교,서울특별시 광진구 아차산로70길 17-16 . 광남고등학교 (광장동. 광남고등학교),37.54128129,127.1020414,광진구
언남고등학교,고등학교,서울특별시 서초구 동산로13길 35 . 언남고등학교(양재동.언남고등학교),37.47289781,127.043131,서초구
여의도고등학교,고등학교,서울특별시 영등포구 국제금융로7길 37 . 여의도고등학교 (여의도동),37.52492383,126.933779,영등포구
대원고등학교,고등학교,서울특별시 광진구 용마산로22길 26 . 대원고등학교 (중곡동),37.56331603,127.0895356,광진구
경신고등학교,고등학교,서울특별시 종로구 혜화로 74 (혜화동.경신중고등학교),37.59222582,127.0000315,종로구
중경고등학교,고등학교,서울특별시 용산구 이촌로84길 34 (이촌동),37.51750016,126.9754854,용산구
도봉고등학교,고등학교,서울특별시 도봉구 도봉산길 27 (도봉동.도봉고등학교),37.68652731,127.0430538,도봉구
효문고등학교,고등학교,서울특별시 도봉구 우이천로 432 (쌍문동.효문중 고등학교),37.65291761,127.0180191,도봉구
서울고등학교,고등학교,서울특별시 서초구 효령로 197 (서초동. 서울고등학교),37.4841086,127.0061148,서초구
세화고등학교,고등학교,서울특별시 서초구 신반포로 56-7 (반포동),37.5018343,126.9918657,서초구
예일여자고등학교,고등학교,서울특별시 은평구 연서로 117 . 예일여자고등학교 (구산동),37.61064737,126.915289,은평구
상문고등학교,고등학교,서울특별시 서초구 명달로 45 (방배동.상문고등학교),37.47877647,127.0042138,서초구
한성여자고등학교,고등학교,서울특별시 성북구 삼선교로16길 117 . 한성여자고등학교 (삼선동2가),37.58282672,127.0117841,성북구
신서고등학교,고등학교,서울특별시 양천구 은행정로 42 . 신서고등학교 (신정동),37.52383705,126.8599367,양천구
예일디자인고등학교,고등학교,서울특별시 은평구 연서로 117 . 예일디자인고등학교 (구산동),37.6094332,126.9158731,은평구
강일고등학교,고등학교,서울특별시 강동구 아리수로98길 40 (강일동),37.56379424,127.1777631,강동구
서초고등학교,고등학교,서울특별시 서초구 반포대로27길 29 (서초동),37.48931678,127.0060374,서초구
덕성여자고등학교,고등학교,서울특별시 종로구 율곡로3길 50 . 덕성여자고등학교 (안국동),37.57800078,126.9829287,종로구
미양고등학교,고등학교,서울특별시 강북구 인수봉로 39 . 미양고등학교 (미아동),37.62411683,127.0121354,강북구
용산철도고등학교,고등학교,서울특별시 용산구 서빙고로 24 (한강로3가. 용산철도고등학교),37.52430312,126.9671858,용산구
동북고등학교,고등학교,서울특별시 강동구 강동대로 305 (둔촌동),37.51969775,127.1406306,강동구
수도여자고등학교,고등학교,서울특별시 동작구 여의대방로10길 73 . 수도여자고등학교 (신대방동),37.49306832,126.9155129,동작구
경기상업고등학교,고등학교,서울특별시 종로구 자하문로 136 (청운동),37.58846775,126.9702967,종로구
세그루패션디자인고등학교,고등학교,서울특별시 도봉구 시루봉로 53 세그루패션디자인고등학교(쌍문동),37.65558838,127.0266282,도봉구
선사고등학교,고등학교,서울특별시 강동구 고덕로25길 17 . 선사고등학교 (암사동),37.55611814,127.1357998,강동구
태릉고등학교,고등학교,서울특별시 중랑구 신내로23길 36 . 태릉고등학교 (묵동),37.61895227,127.0852758,중랑구
서울여자고등학교,고등학교,서울특별시 마포구 백범로25길 34 . 서울여자고등학교 (염리동),37.54808746,126.9481863,마포구
강동고등학교,고등학교,서울특별시 강동구 구천면로 572 (상일동),37.55025248,127.1610642,강동구
한영고등학교,고등학교,서울특별시 강동구 동남로 832 (상일동. 한영고등학교),37.54913153,127.1581885,강동구
삼성고등학교,고등학교,서울특별시 관악구 신림로 41 (신림동),37.46932138,126.9436438,관악구
염광여자메디텍고등학교,고등학교,서울특별시 노원구 월계로45가길 9 . 염광여자메디텍고등학교 (월계동.염광 중/고등/여자메디텍고등학교),37.62988066,127.0486656,노원구
은평메디텍고등학교,고등학교,서울특별시 은평구 진관2로 57-57 (진관동.은평메디텍고등학교),37.6351761,126.929197,은평구
서울항공비즈니스고등학교,고등학교,서울특별시 강서구 방화대로34길 13 서울항공비즈니스고등학교 (방화동),37.56987755,126.8174373,강서구
서울디지텍고등학교,고등학교,서울특별시 용산구 회나무로12길 27 (이태원동),37.53872704,126.9906121,용산구
구현고등학교,고등학교,서울특별시 구로구 경인로53가길 17 (구로동),37.50220279,126.8744458,구로구
명지고등학교,고등학교,서울특별시 서대문구 명지2길 56 . 명지고등학교 (홍은동),37.58425024,126.9275522,서대문구
서울의료보건고등학교,고등학교,서울특별시 중구 만리재로37길 30 . 서울의료보건고등학교 (만리동1가),37.5571621,126.9667727,중구
수락고등학교,고등학교,서울특별시 노원구 동일로245길 143 (상계동.수락고등학교),37.68293167,127.0533077,노원구
신진과학기술고등학교,고등학교,서울특별시 은평구 은평로6길 16 (응암동.학교법인신진학원),37.59833062,126.9181588,은평구
경성고등학교,고등학교,서울특별시 마포구 성미산로 111 . 경성고등학교 (연남동),37.56346578,126.9190014,마포구
성수공업고등학교,고등학교,서울특별시 성동구 뚝섬로 365 (성수동2가.성수공업고등학교),37.54048786,127.0513337,성동구
자운고등학교,고등학교,서울특별시 도봉구 노해로69길 150 (창동),37.65902067,127.0506763,도봉구
계성고등학교,고등학교,서울특별시 성북구 길음로 63 계성고등학교 (길음동),37.60781151,127.0206622,성북구
선정국제관광고등학교,고등학교,서울특별시 은평구 서오릉로20길 19 . 선정국제관광고등학교 (갈현동),37.61829023,126.9087149,은평구
명일여자고등학교,고등학교,서울특별시 강동구 명일로 350 (명일동.명일여자고등학교),37.54981568,127.1503056,강동구
공항고등학교,고등학교,서울특별시 강서구 방화대로34길 43 (마곡동. 공항고등학교),37.57039137,126.8183715,강서구
여의도여자고등학교,고등학교,서울특별시 영등포구 국제금융로7가길 13 . 여의도여자고등학교 (여의도동),37.52272813,126.9349823,영등포구
한서고등학교,고등학교,서울특별시 강서구 양천로11길 47 (방화동. 한서고등학교),37.57452206,126.8084649,강서구
용문고등학교,고등학교,서울특별시 성북구 고려대로17가길 46 (안암동2가. 용문중고등학교),37.58793476,127.0251959,성북구
국립전통예술고등학교,고등학교,서울특별시 금천구 시흥대로38길 62 (시흥동),37.44637006,126.9064871,금천구
대경생활과학고등학교,고등학교,서울특별시 중구 매봉18길 111 . 대경생활과학고등학교 (신당동),37.55670064,127.0174652,중구
이화여자대학교병설미디어고등학교,고등학교,서울특별시 중랑구 망우로73길 56 (망우동. 이화여대병설미디어고등학교.영란여중학교),37.60392624,127.1049794,중랑구
신도림고등학교,고등학교,서울특별시 구로구 경인로67길 159 (신도림동.신도림고등학교),37.51396216,126.8819436,구로구
명덕고등학교,고등학교,서울특별시 강서구 강서로47길 34-10 . 명덕고등학교 (내발산동),37.55390749,126.835275,강서구
이화여자외국어고등학교,고등학교,서울특별시 중구 통일로4길 30 (순화동),37.56499452,126.9700618,중구
경일고등학교,고등학교,서울특별시 성동구 성수일로 27 . 경일고등학교 (성수동1가),37.54391282,127.0474714,성동구
신광여자고등학교,고등학교,서울특별시 용산구 청파로 263 . 학교법인신광학원 (청파동3가),37.543325,126.9701672,용산구
청원여자고등학교,고등학교,서울특별시 노원구 한글비석로 506 . 청원여자고등학교 (상계동.청원초/중/고등학교),37.66615141,127.0613666,노원구
선일여자고등학교,고등학교,서울특별시 은평구 갈현로29길 27 선일여자고등학교(갈현동),37.61917416,126.9129835,은평구
한광고등학교,고등학교,서울특별시 강서구 등촌로13길 110 (화곡동),37.53879944,126.857922,강서구
상일미디어고등학교,고등학교,서울특별시 강동구 천호대로219길 61 . 상일미디어고등학교 (상일동),37.54938237,127.1703734,강동구
대일관광고등학교,고등학교,서울특별시 양천구 신정이펜1로 11 . 대일관광고등학교 (신정동. 대일관광고등학교),37.51111956,126.8352049,양천구
성수고등학교,고등학교,서울특별시 성동구 서울숲길 18 . 성수고등학교 (성수동1가),37.54760601,127.0380191,성동구
둔촌고등학교,고등학교,서울특별시 강동구 명일로 140 (둔촌동.둔촌고등학교),37.53110499,127.1442322,강동구
동국대학교사범대학부속여자고등학교,고등학교,서울특별시 광진구 광나루로36길 47 . 동국대부속여고 (구의동),37.54326169,127.0869732,광진구
세현고등학교,고등학교,서울특별시 강서구 허준로 227 . 세현고등학교 (가양동),37.56031757,126.8637798,강서구
광양고등학교,고등학교,서울특별시 광진구 자양로3가길 31 (자양동),37.52927088,127.085655,광진구
염광고등학교,고등학교,서울특별시 노원구 월계로45가길 9 . 염광고등학교 (월계동),37.63101774,127.0499283,노원구
서울금융고등학교,고등학교,서울특별시 양천구 가로공원로61길 19 . 서울금융고등학교 (신월동),37.5373982,126.8257662,양천구
상계고등학교,고등학교,서울특별시 노원구 노해로 432 (상계동. 상계고등학교),37.65236877,127.0560427,노원구
서울도시과학기술고등학교,고등학교,서울특별시 성북구 종암로 196 (하월곡동.서울도시과학기술고등학교),37.6073086,127.0324762,성북구
장훈고등학교,고등학교,서울특별시 영등포구 영등포로64길 26 . 장훈고등학교 (신길동),37.51348139,126.9154947,영등포구
성덕고등학교,고등학교,서울특별시 강동구 구천면로 396 (천호동. 성덕고등학교),37.55059239,127.1421023,강동구
풍문고등학교,고등학교,서울특별시 강남구 자곡로 152 (자곡동),37.47135959,127.1006925,강남구
상일여자고등학교,고등학교,서울특별시 강동구 천호대로219길 61 . 상일여자고등학교 (상일동),37.54933095,127.1696772,강동구
광문고등학교,고등학교,서울특별시 강동구 동남로 968 광문고등학교 (고덕동),37.55999167,127.1582119,강동구
노원고등학교,고등학교,서울특별시 노원구 노원로 586 (상계동),37.66235904,127.053337,노원구
환일고등학교,고등학교,서울특별시 중구 환일길 47 (만리동2가),37.55386803,126.9618701,중구
금호고등학교,고등학교,서울특별시 성동구 금호로 118 (금호동1가. 금호고등학교),37.55332515,127.0239058,성동구
도선고등학교,고등학교,서울특별시 성동구 마장로 156 (하왕십리동),37.56665603,127.0270285,성동구
대진여자고등학교,고등학교,서울특별시 노원구 공릉로 438 . 대진여자고등학교 (중계동),37.64617362,127.0673241,노원구
서울인공지능고등학교,고등학교,서울특별시 송파구 양산로 21 (거여동),37.49175309,127.1424606,송파구
